OrderID,DeliveryDate,DeliveryStatus,DeliveryCost
10001,2023-04-30,Delivered,17.03
10002,2024-09-04,Returned,42.62
10003,2025-07-16,Pending,7.51
10004,2024-06-23,Returned,13.07
10005,2023-07-21,Delivered,37.49
10006,2025-07-04,Returned,28.02
10007,2023-05-06,Delivered,5.2
10008,2023-08-10,Delivered,45.19
10009,2024-07-23,Returned,32.33
10010,2025-09-18,Returned,45.58
10011,2024-04-06,Returned,15.24
10012,2023-06-08,Delivered,18.3
10013,2024-06-08,Pending,48.45
10014,2024-01-03,Returned,31.15
10015,2024-03-16,Delivered,13.05
10016,2025-05-12,Returned,17.38
10017,2023-12-26,Pending,22.74
10018,2023-11-24,Delivered,42.87
10019,2025-07-27,Pending,16.21
10020,2024-09-13,Pending,40.86
10021,2024-05-06,Pending,42.88
10022,2023-09-22,Pending,40.16
10023,2023-05-15,Delivered,6.12
10024,2025-08-10,Pending,32.52
10025,2024-08-12,Delivered,26.72
10026,2024-01-25,Returned,23.59
10027,2025-08-17,Returned,20.69
10028,2025-12-28,Delivered,35.43
10029,2023-04-26,Delivered,45.74
10030,2025-08-23,Pending,22.35
10031,2024-02-18,Returned,16.91
10032,2023-12-01,Returned,37.08
10033,2024-07-02,Pending,25.13
10034,2024-08-14,Returned,11.26
10035,2024-02-06,Pending,8.34
10036,2023-09-07,Delivered,43.81
10037,2025-06-03,Delivered,45.16
10038,2025-09-01,Pending,49.09
10039,2023-10-21,Delivered,43.5
10040,2025-11-11,Pending,34.92
10041,2023-01-26,Delivered,6.6
10042,2023-02-23,Delivered,47.8
10043,2025-02-10,Pending,16.09
10044,2025-12-04,Returned,6.37
10045,2024-05-22,Pending,22.8
10046,2024-03-26,Pending,22.05
10047,2023-08-08,Delivered,34.43
10048,2025-05-26,Returned,45.86
10049,2023-06-04,Returned,12.26
10050,2025-10-07,Delivered,15.05
10051,2023-08-18,Returned,42.74
10052,2023-03-04,Returned,35.69
10053,2023-01-10,Returned,9.9
10054,2024-11-17,Returned,38.72
10055,2025-07-19,Delivered,5.1
10056,2025-11-17,Pending,48.85
10057,2025-12-23,Returned,47.01
10058,2023-12-09,Delivered,14.47
10059,2023-01-30,Returned,33.56
10060,2025-03-09,Delivered,40.08
10061,2023-04-05,Pending,47.67
10062,2024-12-01,Returned,48.17
10063,2024-04-10,Returned,20.63
10064,2025-09-27,Returned,48.07
10065,2024-03-07,Pending,42.31
10066,2023-10-12,Returned,11.52
10067,2024-08-25,Pending,27.51
10068,2023-10-15,Pending,33.52
10069,2023-12-08,Returned,14.81
10070,2024-07-01,Returned,10.13
10071,2023-04-21,Returned,29.66
10072,2024-08-10,Delivered,38.93
10073,2025-05-31,Delivered,21.87
10074,2024-11-21,Pending,42.8
10075,2023-10-10,Returned,33.28
10076,2025-08-12,Pending,31.69
10077,2025-02-23,Returned,21.85
10078,2024-05-19,Returned,32.07
10079,2023-10-18,Returned,47.87
10080,2025-06-29,Pending,24.19
10081,2025-06-12,Pending,30.41
10082,2023-04-17,Delivered,43.76
10083,2024-05-22,Pending,44.64
10084,2023-12-10,Delivered,48.49
10085,2023-10-24,Pending,49.4
10086,2025-07-15,Pending,45.0
10087,2025-11-22,Delivered,17.15
10088,2023-03-31,Delivered,49.64
10089,2025-05-10,Returned,24.11
10090,2024-01-13,Pending,25.35
10091,2023-09-15,Pending,8.24
10092,2024-07-07,Delivered,26.36
10093,2024-09-12,Pending,26.51
10094,2025-08-02,Delivered,24.52
10095,2025-04-19,Returned,10.91
10096,2023-03-10,Delivered,36.8
10097,2025-02-14,Returned,27.59
10098,2024-01-27,Returned,17.4
10099,2025-12-22,Pending,37.07
10100,2024-04-05,Pending,48.16
10101,2025-07-19,Pending,6.8
10102,2025-04-29,Pending,23.37
10103,2023-06-01,Pending,8.41
10104,2024-07-30,Delivered,35.25
10105,2025-09-30,Returned,41.36
10106,2023-08-15,Delivered,28.66
10107,2025-11-17,Returned,42.73
10108,2024-01-13,Returned,11.49
10109,2023-02-14,Delivered,28.77
10110,2024-12-21,Delivered,22.35
10111,2025-05-17,Delivered,47.53
10112,2024-01-03,Delivered,12.11
10113,2024-10-14,Returned,8.46
10114,2023-11-02,Returned,28.04
10115,2025-12-16,Returned,47.27
10116,2024-05-13,Returned,27.96
10117,2023-09-16,Pending,19.08
10118,2024-01-11,Delivered,38.0
10119,2024-06-03,Delivered,29.25
10120,2024-03-28,Pending,33.79
10121,2024-05-15,Pending,20.56
10122,2025-04-24,Pending,29.58
10123,2024-07-09,Delivered,16.74
10124,2024-05-01,Delivered,14.61
10125,2024-05-07,Delivered,5.6
10126,2023-09-14,Pending,17.86
10127,2023-06-25,Returned,22.45
10128,2025-07-27,Returned,9.52
10129,2023-09-18,Pending,33.33
10130,2023-09-21,Delivered,48.58
10131,2026-01-08,Pending,39.6
10132,2025-06-21,Pending,46.03
10133,2023-07-11,Returned,24.46
10134,2025-07-11,Returned,40.11
10135,2025-03-10,Delivered,21.46
10136,2025-01-31,Delivered,22.41
10137,2025-05-09,Delivered,10.68
10138,2023-06-14,Pending,34.37
10139,2023-06-12,Delivered,26.5
10140,2025-06-28,Returned,30.22
10141,2023-10-07,Pending,30.28
10142,2025-10-17,Delivered,24.55
10143,2025-11-08,Pending,21.68
10144,2023-11-30,Returned,13.0
10145,2024-08-11,Delivered,25.68
10146,2025-06-11,Pending,28.43
10147,2024-02-21,Delivered,47.64
10148,2025-01-05,Delivered,21.54
10149,2025-07-31,Pending,26.17
10150,2025-02-22,Delivered,15.69
10151,2024-01-08,Delivered,26.77
10152,2025-05-07,Pending,7.37
10153,2024-03-02,Pending,9.18
10154,2025-11-03,Returned,11.94
10155,2025-07-17,Delivered,10.23
10156,2023-07-31,Pending,18.19
10157,2024-09-14,Delivered,40.61
10158,2024-09-14,Delivered,19.18
10159,2023-03-29,Returned,44.29
10160,2025-12-25,Returned,48.66
10161,2023-11-26,Returned,35.58
10162,2024-03-15,Delivered,15.25
10163,2025-10-23,Pending,39.59
10164,2024-03-04,Delivered,43.9
10165,2023-03-16,Returned,48.61
10166,2023-06-01,Delivered,49.51
10167,2023-04-28,Returned,11.37
10168,2023-08-01,Delivered,48.13
10169,2023-07-06,Delivered,7.81
10170,2023-11-18,Pending,14.46
10171,2025-04-24,Delivered,43.05
10172,2025-11-02,Delivered,12.07
10173,2025-08-09,Delivered,21.24
10174,2025-11-14,Returned,24.62
10175,2023-10-25,Pending,15.54
10176,2024-07-06,Delivered,5.05
10177,2024-10-12,Delivered,41.3
10178,2023-01-31,Delivered,41.27
10179,2025-01-23,Delivered,41.63
10180,2023-08-09,Pending,25.11
10181,2023-07-10,Delivered,23.89
10182,2023-03-29,Delivered,25.73
10183,2024-02-09,Returned,40.34
10184,2024-11-03,Pending,7.81
10185,2024-08-08,Delivered,41.47
10186,2023-10-28,Pending,14.28
10187,2023-09-08,Returned,49.78
10188,2025-02-24,Returned,39.08
10189,2025-02-26,Returned,29.5
10190,2025-05-30,Delivered,29.27
10191,2024-01-17,Pending,29.3
10192,2024-05-19,Pending,41.01
10193,2024-06-26,Delivered,13.06
10194,2024-11-16,Delivered,23.25
10195,2024-01-13,Delivered,46.61
10196,2024-01-12,Returned,49.28
10197,2024-01-15,Pending,48.34
10198,2025-03-30,Pending,14.69
10199,2024-11-25,Delivered,31.24
10200,2023-04-03,Delivered,34.8
10201,2023-04-21,Returned,17.99
10202,2023-05-15,Pending,37.11
10203,2025-07-31,Pending,27.2
10204,2024-07-11,Pending,48.98
10205,2025-07-16,Pending,17.75
10206,2025-11-05,Pending,34.29
10207,2025-10-25,Returned,28.79
10208,2024-04-29,Delivered,8.72
10209,2023-01-11,Pending,20.6
10210,2024-07-08,Pending,14.07
10211,2025-12-02,Delivered,34.87
10212,2025-09-15,Delivered,13.68
10213,2023-08-11,Delivered,11.6
10214,2024-06-21,Delivered,43.1
10215,2025-04-20,Pending,33.3
10216,2023-11-20,Delivered,17.54
10217,2023-08-12,Pending,44.22
10218,2025-01-12,Pending,18.85
10219,2023-04-13,Delivered,46.03
10220,2024-03-31,Pending,7.35
10221,2025-08-06,Delivered,44.38
10222,2023-03-31,Returned,26.6
10223,2025-12-07,Pending,25.35
10224,2024-11-25,Returned,38.94
10225,2025-04-07,Pending,24.67
10226,2025-03-02,Pending,25.0
10227,2023-09-08,Delivered,29.17
10228,2023-10-07,Delivered,46.84
10229,2024-08-06,Pending,24.47
10230,2023-08-22,Delivered,9.51
10231,2023-04-24,Returned,17.62
10232,2023-03-26,Delivered,25.34
10233,2025-01-11,Pending,43.55
10234,2024-08-07,Pending,41.39
10235,2023-11-28,Returned,45.28
10236,2025-01-30,Returned,26.85
10237,2025-05-12,Pending,47.31
10238,2025-03-14,Pending,27.3
10239,2024-03-24,Pending,7.63
10240,2024-11-18,Returned,20.24
10241,2023-12-14,Delivered,38.24
10242,2024-10-15,Pending,35.47
10243,2023-09-23,Returned,35.54
10244,2024-07-20,Returned,29.39
10245,2024-04-17,Pending,20.31
10246,2025-08-15,Delivered,32.94
10247,2024-01-28,Returned,5.89
10248,2023-09-03,Returned,15.96
10249,2024-10-24,Returned,23.08
10250,2024-06-14,Pending,10.58
10251,2025-03-13,Returned,27.69
10252,2024-10-26,Returned,37.16
10253,2024-11-02,Returned,38.61
10254,2024-05-12,Returned,38.36
10255,2025-12-16,Pending,46.76
10256,2023-05-10,Delivered,25.55
10257,2025-05-09,Pending,32.67
10258,2025-06-11,Pending,46.07
10259,2023-04-25,Returned,18.42
10260,2023-08-31,Delivered,15.24
10261,2023-12-25,Returned,32.81
10262,2024-02-11,Pending,11.63
10263,2024-02-17,Pending,11.62
10264,2025-04-10,Delivered,6.7
10265,2023-07-03,Pending,33.81
10266,2025-07-17,Returned,28.54
10267,2023-07-21,Pending,43.44
10268,2024-08-15,Delivered,43.74
10269,2023-04-19,Delivered,43.7
10270,2024-04-16,Delivered,21.58
10271,2023-11-01,Returned,5.55
10272,2024-01-22,Pending,43.09
10273,2025-08-23,Pending,5.06
10274,2024-07-05,Returned,18.92
10275,2024-07-13,Pending,10.14
10276,2025-06-28,Pending,7.0
10277,2024-02-01,Delivered,21.42
10278,2023-11-08,Returned,10.79
10279,2024-08-03,Returned,24.24
10280,2024-04-24,Delivered,39.56
10281,2025-10-03,Delivered,17.56
10282,2025-07-27,Delivered,38.19
10283,2025-06-06,Delivered,7.6
10284,2024-10-17,Delivered,7.64
10285,2025-03-07,Returned,42.63
10286,2025-07-11,Pending,23.91
10287,2023-05-05,Returned,14.58
10288,2025-03-17,Delivered,28.92
10289,2023-07-06,Pending,35.99
10290,2023-03-26,Delivered,29.39
10291,2025-01-11,Pending,41.74
10292,2024-05-09,Returned,38.66
10293,2024-12-25,Delivered,33.74
10294,2024-07-11,Returned,10.25
10295,2024-01-07,Delivered,19.32
10296,2024-01-10,Returned,33.89
10297,2024-05-29,Pending,9.88
10298,2024-04-23,Pending,19.88
10299,2025-05-28,Delivered,22.86
10300,2023-09-26,Returned,32.75
10301,2024-12-14,Pending,45.86
10302,2024-07-23,Delivered,45.12
10303,2024-07-16,Delivered,15.55
10304,2023-01-29,Pending,17.16
10305,2025-11-22,Delivered,5.89
10306,2024-08-21,Delivered,31.05
10307,2024-12-30,Delivered,15.78
10308,2024-01-13,Pending,49.07
10309,2025-07-25,Returned,26.09
10310,2023-11-19,Delivered,42.51
10311,2024-03-30,Returned,39.2
10312,2023-02-02,Delivered,10.04
10313,2025-08-01,Pending,39.49
10314,2025-11-08,Pending,41.83
10315,2023-10-06,Delivered,33.17
10316,2024-11-19,Delivered,5.25
10317,2024-08-17,Delivered,11.87
10318,2024-11-25,Pending,22.4
10319,2025-04-20,Delivered,29.63
10320,2024-03-17,Delivered,49.47
10321,2023-11-04,Pending,32.61
10322,2025-08-01,Pending,13.76
10323,2025-03-22,Returned,8.92
10324,2023-02-17,Delivered,27.58
10325,2025-10-12,Delivered,45.45
10326,2023-03-07,Delivered,36.28
10327,2023-06-26,Returned,32.15
10328,2025-12-20,Returned,10.76
10329,2025-02-01,Delivered,46.35
10330,2023-08-06,Delivered,16.67
10331,2025-03-19,Pending,7.77
10332,2023-09-17,Pending,19.17
10333,2025-07-19,Pending,5.25
10334,2023-12-18,Delivered,33.92
10335,2023-11-29,Delivered,40.42
10336,2025-07-30,Pending,45.29
10337,2024-11-30,Delivered,11.55
10338,2024-12-22,Returned,14.16
10339,2025-11-06,Pending,9.96
10340,2025-07-24,Delivered,15.0
10341,2024-01-16,Returned,26.3
10342,2025-06-30,Pending,9.29
10343,2024-02-28,Delivered,35.63
10344,2024-02-22,Delivered,7.81
10345,2024-11-23,Pending,23.38
10346,2024-07-06,Delivered,43.72
10347,2025-04-18,Delivered,42.2
10348,2025-01-17,Returned,43.58
10349,2025-09-22,Returned,9.41
10350,2025-02-15,Delivered,19.38
10351,2023-02-08,Delivered,44.41
10352,2023-10-11,Delivered,26.33
10353,2024-09-05,Returned,5.88
10354,2024-11-10,Delivered,36.5
10355,2025-07-14,Delivered,18.21
10356,2025-08-31,Delivered,18.39
10357,2023-07-04,Returned,15.37
10358,2023-07-17,Pending,23.97
10359,2025-09-23,Delivered,40.86
10360,2024-05-02,Pending,40.3
10361,2024-09-11,Delivered,6.85
10362,2025-07-21,Delivered,35.78
10363,2024-04-09,Returned,17.55
10364,2024-03-25,Delivered,43.79
10365,2024-10-06,Returned,19.38
10366,2025-06-07,Returned,11.12
10367,2023-03-21,Delivered,9.56
10368,2023-07-17,Returned,40.51
10369,2025-07-03,Delivered,37.01
10370,2025-01-09,Delivered,15.9
10371,2023-08-03,Returned,43.41
10372,2023-07-13,Delivered,22.32
10373,2023-07-16,Delivered,45.88
10374,2025-09-16,Returned,10.66
10375,2024-03-14,Returned,32.57
10376,2024-05-07,Returned,35.32
10377,2025-06-25,Pending,29.12
10378,2023-09-26,Pending,23.57
10379,2023-07-24,Returned,36.82
10380,2025-10-13,Pending,39.01
10381,2023-08-02,Returned,18.03
10382,2024-09-29,Returned,8.71
10383,2023-07-25,Pending,15.24
10384,2024-08-20,Returned,25.88
10385,2025-11-24,Returned,15.74
10386,2024-02-08,Pending,27.65
10387,2023-04-04,Pending,12.71
10388,2024-08-11,Delivered,48.76
10389,2024-06-24,Delivered,28.26
10390,2023-06-27,Returned,15.51
10391,2024-11-28,Pending,12.19
10392,2025-12-23,Pending,34.12
10393,2023-07-13,Returned,6.75
10394,2025-09-05,Pending,35.28
10395,2024-09-02,Pending,26.97
10396,2023-02-10,Returned,21.74
10397,2023-05-01,Pending,8.56
10398,2024-05-01,Delivered,33.22
10399,2023-09-23,Returned,36.55
10400,2024-08-19,Pending,10.09
10401,2023-10-31,Pending,14.35
10402,2025-12-04,Returned,40.76
10403,2025-06-10,Returned,39.06
10404,2025-03-18,Returned,40.42
10405,2025-01-24,Pending,47.42
10406,2024-03-09,Delivered,41.88
10407,2025-08-17,Delivered,21.49
10408,2024-10-13,Delivered,34.78
10409,2024-09-10,Delivered,16.69
10410,2023-02-17,Delivered,35.29
10411,2023-07-17,Pending,12.21
10412,2025-03-15,Returned,14.28
10413,2023-05-04,Delivered,38.87
10414,2023-08-10,Returned,6.17
10415,2025-10-08,Delivered,31.38
10416,2023-08-03,Pending,25.7
10417,2023-08-13,Delivered,40.35
10418,2023-08-09,Pending,17.85
10419,2024-06-30,Delivered,22.96
10420,2023-11-24,Pending,17.45
10421,2024-09-18,Delivered,30.88
10422,2025-02-21,Pending,6.04
10423,2023-03-26,Delivered,22.08
10424,2023-05-24,Delivered,35.28
10425,2025-11-25,Returned,47.74
10426,2025-01-27,Pending,30.55
10427,2023-04-28,Delivered,12.16
10428,2025-02-19,Delivered,42.19
10429,2025-12-03,Returned,35.87
10430,2025-01-15,Returned,13.69
10431,2024-09-29,Returned,36.73
10432,2023-02-15,Delivered,27.82
10433,2024-10-06,Delivered,44.86
10434,2025-06-29,Pending,17.61
10435,2025-12-29,Returned,19.52
10436,2024-10-19,Delivered,40.82
10437,2024-06-13,Pending,28.74
10438,2024-01-28,Delivered,39.72
10439,2024-10-10,Delivered,46.57
10440,2024-02-02,Returned,18.68
10441,2023-03-30,Delivered,17.0
10442,2024-08-10,Pending,18.33
10443,2024-05-02,Delivered,31.56
10444,2025-07-06,Returned,26.72
10445,2024-06-20,Delivered,26.46
10446,2025-11-07,Delivered,34.35
10447,2024-05-22,Returned,17.58
10448,2025-01-30,Pending,5.78
10449,2025-01-25,Delivered,37.16
10450,2023-11-21,Returned,14.94
10451,2025-08-26,Delivered,12.62
10452,2024-07-07,Delivered,38.86
10453,2023-05-17,Delivered,28.05
10454,2023-08-18,Pending,32.66
10455,2024-01-22,Delivered,38.59
10456,2024-09-29,Returned,44.86
10457,2024-09-19,Pending,32.28
10458,2023-08-24,Returned,12.07
10459,2024-12-29,Pending,19.55
10460,2024-08-27,Delivered,10.21
10461,2025-03-19,Delivered,20.24
10462,2024-04-08,Pending,28.56
10463,2024-10-02,Returned,32.62
10464,2025-06-10,Pending,15.01
10465,2023-11-22,Delivered,48.25
10466,2025-03-25,Returned,30.97
10467,2024-01-04,Pending,45.79
10468,2023-04-02,Returned,28.82
10469,2023-01-22,Delivered,43.06
10470,2023-02-03,Delivered,16.69
10471,2024-10-24,Delivered,17.77
10472,2023-12-22,Pending,27.82
10473,2023-05-21,Pending,30.02
10474,2024-03-05,Delivered,26.97
10475,2024-07-26,Returned,29.95
10476,2024-05-05,Pending,16.63
10477,2023-12-02,Returned,43.35
10478,2024-07-15,Returned,46.45
10479,2023-02-24,Delivered,41.5
10480,2025-02-07,Delivered,44.68
10481,2024-03-05,Returned,48.39
10482,2025-03-09,Returned,7.13
10483,2023-06-15,Pending,27.41
10484,2024-05-31,Delivered,27.04
10485,2025-06-24,Delivered,49.96
10486,2023-12-10,Returned,25.31
10487,2025-02-11,Delivered,16.47
10488,2023-04-10,Returned,42.83
10489,2025-10-25,Returned,7.16
10490,2024-12-03,Delivered,23.8
10491,2023-02-06,Returned,40.07
10492,2025-04-06,Pending,34.74
10493,2023-06-25,Returned,28.03
10494,2025-11-06,Delivered,37.19
10495,2023-07-01,Delivered,34.96
10496,2023-10-17,Pending,31.5
10497,2024-03-29,Delivered,7.46
10498,2024-01-13,Returned,33.34
10499,2025-03-01,Delivered,44.02
10500,2025-04-18,Pending,13.4
10501,2024-04-12,Returned,48.33
10502,2025-12-09,Pending,45.84
10503,2024-02-12,Pending,45.78
10504,2023-03-24,Delivered,28.24
10505,2023-04-11,Delivered,8.26
10506,2025-04-16,Delivered,9.54
10507,2023-08-31,Pending,18.42
10508,2025-09-28,Pending,35.03
10509,2025-01-15,Delivered,25.21
10510,2025-11-13,Pending,32.61
10511,2023-03-20,Pending,18.23
10512,2023-01-27,Delivered,43.5
10513,2025-01-07,Delivered,11.18
10514,2025-12-17,Pending,30.71
10515,2025-12-28,Pending,49.03
10516,2023-12-29,Returned,32.67
10517,2023-03-16,Pending,17.53
10518,2023-12-20,Returned,35.92
10519,2025-12-25,Pending,31.08
10520,2025-07-01,Returned,23.91
10521,2024-06-20,Delivered,31.37
10522,2023-09-13,Returned,45.32
10523,2025-02-17,Returned,13.94
10524,2024-12-13,Delivered,22.78
10525,2024-07-11,Pending,38.85
10526,2023-07-04,Delivered,15.25
10527,2024-09-26,Delivered,8.35
10528,2023-08-18,Pending,26.29
10529,2023-04-13,Pending,44.56
10530,2025-01-26,Pending,12.44
10531,2025-07-30,Returned,36.48
10532,2023-11-13,Returned,8.88
10533,2023-02-19,Returned,37.51
10534,2024-04-24,Returned,21.45
10535,2023-08-03,Delivered,20.31
10536,2024-08-09,Delivered,30.64
10537,2024-02-07,Delivered,25.13
10538,2023-11-14,Delivered,36.82
10539,2024-08-18,Returned,5.94
10540,2025-04-08,Pending,13.64
10541,2024-05-20,Pending,42.17
10542,2023-03-24,Delivered,35.44
10543,2024-05-29,Pending,39.79
10544,2023-02-27,Pending,14.09
10545,2025-03-10,Pending,35.05
10546,2024-07-06,Delivered,49.17
10547,2025-03-29,Delivered,25.26
10548,2025-05-20,Delivered,14.11
10549,2025-09-25,Delivered,7.9
10550,2024-06-16,Returned,18.7
10551,2025-12-21,Pending,13.41
10552,2025-01-08,Returned,19.85
10553,2025-11-16,Delivered,37.36
10554,2023-09-26,Pending,10.08
10555,2024-02-02,Pending,37.73
10556,2023-09-17,Pending,47.33
10557,2023-06-22,Returned,44.88
10558,2025-05-21,Pending,14.07
10559,2024-01-08,Pending,36.67
10560,2023-05-18,Pending,14.26
10561,2023-07-18,Pending,30.86
10562,2023-02-20,Returned,27.71
10563,2025-11-13,Returned,24.7
10564,2024-07-01,Returned,23.84
10565,2025-07-14,Returned,26.15
10566,2025-08-31,Returned,32.72
10567,2023-05-31,Delivered,29.03
10568,2024-07-11,Delivered,27.29
10569,2025-12-09,Pending,45.6
10570,2024-05-09,Delivered,7.53
10571,2024-05-22,Pending,40.28
10572,2023-07-29,Pending,7.38
10573,2023-12-10,Returned,20.33
10574,2023-10-09,Pending,7.93
10575,2023-02-25,Returned,15.4
10576,2024-08-11,Pending,11.95
10577,2025-11-24,Returned,20.47
10578,2025-05-07,Pending,49.19
10579,2024-04-18,Pending,22.34
10580,2024-03-01,Delivered,48.2
10581,2023-01-27,Delivered,15.24
10582,2025-01-05,Returned,5.4
10583,2025-05-09,Returned,10.43
10584,2024-02-11,Returned,34.2
10585,2023-01-20,Pending,7.44
10586,2024-11-11,Delivered,49.64
10587,2023-02-28,Returned,11.8
10588,2023-04-22,Returned,19.46
10589,2023-12-10,Pending,13.85
10590,2024-11-28,Returned,34.16
10591,2023-02-23,Delivered,9.82
10592,2024-01-08,Pending,8.7
10593,2024-09-06,Returned,25.32
10594,2024-09-23,Pending,40.84
10595,2024-03-03,Returned,7.03
10596,2024-08-09,Returned,27.22
10597,2024-03-12,Returned,20.39
10598,2025-01-26,Pending,23.46
10599,2025-10-20,Pending,26.26
10600,2024-04-06,Pending,24.55
10601,2025-08-27,Returned,33.18
10602,2024-03-10,Delivered,7.1
10603,2025-11-16,Pending,26.9
10604,2023-03-24,Returned,24.92
10605,2023-02-06,Delivered,18.66
10606,2025-03-30,Delivered,10.37
10607,2023-08-03,Delivered,38.4
10608,2025-02-21,Returned,47.09
10609,2024-06-24,Delivered,29.89
10610,2024-05-29,Returned,14.41
10611,2023-05-15,Pending,35.28
10612,2025-01-03,Pending,39.2
10613,2025-12-20,Returned,7.3
10614,2025-11-14,Returned,34.18
10615,2025-04-10,Returned,6.45
10616,2024-04-14,Returned,31.91
10617,2023-04-18,Delivered,31.29
10618,2025-06-07,Returned,49.23
10619,2025-09-06,Delivered,43.98
10620,2023-11-02,Delivered,32.01
10621,2024-07-27,Pending,31.61
10622,2025-02-18,Returned,6.54
10623,2025-06-02,Returned,46.01
10624,2023-07-17,Returned,5.96
10625,2025-10-03,Pending,14.74
10626,2025-03-09,Returned,7.6
10627,2025-12-30,Pending,20.14
10628,2024-09-28,Pending,18.44
10629,2024-12-22,Pending,27.09
10630,2023-07-27,Returned,48.82
10631,2023-08-01,Returned,25.88
10632,2024-08-14,Delivered,22.88
10633,2023-02-18,Delivered,42.47
10634,2023-07-09,Returned,29.82
10635,2023-05-29,Returned,28.27
10636,2023-10-09,Delivered,19.01
10637,2025-07-25,Pending,8.17
10638,2024-11-11,Returned,47.74
10639,2024-06-30,Delivered,44.94
10640,2025-02-17,Returned,36.0
10641,2023-08-19,Delivered,6.44
10642,2025-09-25,Delivered,18.63
10643,2025-11-14,Pending,25.37
10644,2024-05-02,Pending,16.21
10645,2025-01-04,Pending,17.02
10646,2023-12-18,Pending,33.31
10647,2025-05-20,Returned,46.9
10648,2025-06-26,Returned,20.29
10649,2024-03-18,Returned,22.16
10650,2025-11-29,Pending,34.05
10651,2025-10-21,Pending,49.86
10652,2023-08-19,Returned,5.63
10653,2024-08-09,Delivered,12.91
10654,2023-12-12,Returned,43.55
10655,2025-08-14,Delivered,6.32
10656,2024-05-01,Returned,46.38
10657,2024-03-04,Delivered,35.69
10658,2025-08-04,Returned,7.52
10659,2025-07-13,Returned,49.56
10660,2024-09-19,Returned,37.73
10661,2025-11-13,Delivered,49.74
10662,2024-10-16,Returned,19.56
10663,2025-02-11,Pending,16.96
10664,2023-10-13,Returned,47.17
10665,2025-08-22,Delivered,42.19
10666,2024-01-21,Delivered,17.21
10667,2024-05-15,Pending,6.07
10668,2023-06-04,Delivered,27.9
10669,2025-04-24,Delivered,14.68
10670,2024-05-01,Pending,40.67
10671,2023-04-15,Returned,33.31
10672,2023-03-24,Delivered,41.29
10673,2023-01-02,Delivered,23.3
10674,2025-11-24,Returned,37.23
10675,2025-05-03,Pending,23.95
10676,2025-08-15,Pending,32.99
10677,2024-02-07,Delivered,6.97
10678,2025-12-04,Pending,48.71
10679,2025-11-21,Returned,6.27
10680,2025-03-07,Delivered,45.57
10681,2024-11-06,Pending,34.82
10682,2024-09-27,Pending,26.44
10683,2023-03-01,Returned,12.56
10684,2024-08-23,Delivered,41.3
10685,2023-10-02,Delivered,14.28
10686,2024-12-15,Delivered,38.88
10687,2024-12-20,Delivered,18.38
10688,2024-06-28,Pending,43.84
10689,2024-12-07,Pending,25.98
10690,2024-08-29,Delivered,33.5
10691,2025-03-11,Returned,39.19
10692,2023-06-14,Delivered,27.01
10693,2025-02-17,Pending,31.78
10694,2023-05-14,Returned,16.58
10695,2024-06-23,Pending,27.54
10696,2025-07-04,Pending,33.5
10697,2023-10-18,Delivered,11.33
10698,2024-11-06,Pending,18.78
10699,2024-11-25,Delivered,44.43
10700,2025-12-29,Returned,25.33
10701,2025-08-11,Pending,21.34
10702,2023-06-21,Pending,36.0
10703,2025-08-18,Returned,26.97
10704,2025-02-13,Pending,34.44
10705,2023-04-06,Pending,33.37
10706,2025-09-14,Pending,31.16
10707,2025-05-09,Delivered,43.81
10708,2024-01-31,Pending,28.36
10709,2024-01-26,Delivered,40.3
10710,2025-05-05,Pending,34.46
10711,2023-04-26,Returned,16.13
10712,2025-01-11,Delivered,31.37
10713,2023-07-26,Delivered,8.99
10714,2025-09-12,Delivered,42.65
10715,2025-05-13,Returned,37.03
10716,2024-07-04,Pending,21.47
10717,2025-01-30,Pending,18.83
10718,2025-12-25,Delivered,7.94
10719,2024-09-21,Returned,41.98
10720,2023-02-26,Pending,6.43
10721,2025-03-18,Returned,46.13
10722,2024-01-22,Returned,16.63
10723,2024-04-06,Pending,11.66
10724,2023-11-12,Returned,31.61
10725,2025-04-05,Delivered,46.97
10726,2024-02-12,Returned,12.49
10727,2024-11-02,Returned,17.2
10728,2024-04-29,Delivered,48.88
10729,2024-10-15,Returned,42.58
10730,2023-03-02,Returned,44.0
10731,2024-04-27,Returned,39.86
10732,2023-06-05,Returned,42.05
10733,2025-08-11,Returned,7.38
10734,2024-09-08,Returned,24.72
10735,2024-02-28,Pending,9.59
10736,2025-05-27,Pending,48.85
10737,2023-01-02,Delivered,47.32
10738,2023-12-12,Delivered,41.53
10739,2024-10-31,Delivered,45.28
10740,2025-09-02,Delivered,37.33
10741,2023-04-21,Returned,11.24
10742,2024-12-25,Delivered,34.96
10743,2024-06-25,Returned,20.19
10744,2025-02-28,Returned,23.76
10745,2024-11-28,Pending,28.63
10746,2025-09-26,Delivered,43.86
10747,2025-09-03,Pending,45.0
10748,2023-04-13,Delivered,5.48
10749,2024-06-27,Delivered,32.64
10750,2024-03-30,Returned,28.87
10751,2023-01-22,Pending,10.56
10752,2023-09-24,Pending,21.34
10753,2024-11-04,Delivered,31.18
10754,2023-06-12,Delivered,36.31
10755,2024-03-26,Delivered,45.93
10756,2025-09-11,Pending,8.23
10757,2024-11-11,Delivered,30.88
10758,2024-03-26,Delivered,18.54
10759,2024-10-05,Pending,13.1
10760,2023-01-15,Delivered,24.55
10761,2023-12-29,Delivered,8.98
10762,2024-02-12,Returned,12.73
10763,2024-02-08,Delivered,33.28
10764,2025-08-02,Pending,28.22
10765,2023-03-09,Returned,38.35
10766,2023-06-22,Returned,16.2
10767,2024-08-01,Pending,42.49
10768,2025-12-04,Returned,10.21
10769,2025-12-01,Returned,12.34
10770,2025-10-21,Pending,38.15
10771,2025-12-15,Pending,17.86
10772,2025-05-22,Returned,28.79
10773,2025-08-07,Returned,20.1
10774,2025-12-23,Pending,21.79
10775,2023-03-14,Returned,37.54
10776,2024-04-16,Pending,9.57
10777,2023-01-15,Returned,31.35
10778,2023-06-24,Returned,20.72
10779,2025-02-06,Delivered,48.0
10780,2023-07-02,Returned,16.54
10781,2024-12-06,Pending,24.17
10782,2025-09-26,Returned,11.5
10783,2024-10-09,Pending,38.81
10784,2025-12-05,Pending,10.52
10785,2025-01-31,Pending,9.73
10786,2023-09-04,Returned,36.02
10787,2024-09-10,Delivered,10.38
10788,2024-10-18,Delivered,46.54
10789,2023-02-10,Delivered,22.46
10790,2025-05-17,Pending,42.28
10791,2024-01-20,Returned,8.43
10792,2023-11-26,Delivered,12.83
10793,2024-03-26,Delivered,21.25
10794,2025-05-16,Delivered,32.36
10795,2024-01-30,Pending,20.09
10796,2025-04-09,Returned,47.65
10797,2023-12-27,Delivered,17.97
10798,2023-05-26,Delivered,5.98
10799,2025-12-25,Returned,22.02
10800,2025-03-28,Returned,37.76
10801,2024-10-15,Returned,7.35
10802,2024-08-07,Pending,40.51
10803,2024-11-18,Delivered,15.26
10804,2023-04-22,Pending,25.38
10805,2023-07-15,Pending,46.46
10806,2025-10-07,Pending,12.37
10807,2024-08-14,Returned,32.79
10808,2025-10-08,Returned,13.34
10809,2025-01-14,Delivered,19.55
10810,2024-01-30,Delivered,8.13
10811,2023-05-10,Pending,7.81
10812,2024-02-19,Pending,43.92
10813,2024-04-10,Pending,30.56
10814,2024-11-01,Pending,29.28
10815,2023-07-19,Delivered,13.34
10816,2023-03-12,Returned,32.96
10817,2023-02-01,Pending,31.99
10818,2023-02-10,Pending,30.01
10819,2025-12-14,Pending,9.16
10820,2024-06-19,Pending,21.69
10821,2024-08-21,Delivered,38.81
10822,2025-10-17,Delivered,20.07
10823,2024-05-30,Returned,39.92
10824,2024-02-02,Returned,34.8
10825,2024-01-03,Pending,21.57
10826,2024-08-27,Returned,37.5
10827,2023-04-07,Pending,24.82
10828,2023-01-15,Pending,39.6
10829,2025-03-07,Pending,21.18
10830,2025-03-06,Delivered,45.74
10831,2025-04-19,Returned,33.01
10832,2023-05-30,Pending,42.71
10833,2025-01-30,Delivered,34.9
10834,2024-05-08,Pending,12.26
10835,2023-01-22,Returned,36.83
10836,2025-05-19,Returned,13.23
10837,2025-01-26,Pending,22.95
10838,2025-04-29,Pending,34.83
10839,2024-04-13,Pending,43.88
10840,2024-04-16,Returned,15.87
10841,2025-05-28,Returned,10.11
10842,2023-03-22,Returned,16.86
10843,2023-12-21,Delivered,41.66
10844,2025-11-17,Delivered,6.96
10845,2025-07-08,Pending,10.63
10846,2023-12-07,Delivered,23.8
10847,2025-12-29,Returned,43.97
10848,2024-07-12,Delivered,26.56
10849,2025-09-23,Pending,23.58
10850,2024-07-25,Delivered,28.86
10851,2024-05-15,Returned,46.56
10852,2024-07-20,Returned,49.33
10853,2025-05-12,Returned,10.81
10854,2025-09-10,Pending,24.96
10855,2024-03-09,Delivered,8.6
10856,2025-08-12,Pending,39.35
10857,2023-08-07,Returned,25.27
10858,2023-12-01,Returned,46.2
10859,2025-07-07,Delivered,29.82
10860,2023-03-17,Delivered,41.96
10861,2025-11-17,Returned,15.99
10862,2025-06-21,Returned,29.82
10863,2023-10-25,Returned,6.67
10864,2024-08-16,Returned,18.31
10865,2025-10-23,Pending,23.49
10866,2024-07-31,Returned,44.14
10867,2024-09-04,Delivered,44.22
10868,2023-07-26,Delivered,44.43
10869,2024-06-11,Delivered,9.31
10870,2024-07-19,Returned,39.23
10871,2025-07-30,Pending,26.43
10872,2025-08-19,Pending,14.89
10873,2023-09-03,Delivered,49.72
10874,2025-09-27,Pending,12.03
10875,2024-11-14,Pending,49.37
10876,2025-06-22,Delivered,8.33
10877,2024-03-09,Delivered,39.55
10878,2025-10-28,Delivered,40.59
10879,2024-04-08,Returned,26.11
10880,2025-02-10,Pending,42.96
10881,2023-05-24,Pending,8.23
10882,2024-06-04,Returned,13.06
10883,2024-05-15,Delivered,9.82
10884,2024-01-04,Delivered,9.71
10885,2024-08-04,Returned,10.92
10886,2024-10-16,Pending,35.56
10887,2023-10-31,Pending,12.19
10888,2025-03-09,Returned,33.94
10889,2025-02-04,Returned,34.66
10890,2024-09-04,Pending,40.44
10891,2025-12-05,Pending,9.57
10892,2023-05-20,Pending,10.16
10893,2024-03-03,Returned,9.47
10894,2023-09-28,Returned,7.87
10895,2025-10-23,Pending,49.26
10896,2023-02-01,Delivered,22.11
10897,2024-09-16,Returned,43.28
10898,2024-01-20,Delivered,19.21
10899,2025-09-11,Delivered,15.48
10900,2025-06-18,Pending,27.41
10901,2023-04-01,Returned,48.72
10902,2023-02-06,Returned,42.97
10903,2024-08-28,Returned,40.89
10904,2024-09-08,Returned,21.13
10905,2023-11-22,Delivered,20.83
10906,2023-01-21,Returned,23.25
10907,2023-04-12,Delivered,28.57
10908,2024-12-16,Delivered,44.98
10909,2024-10-22,Delivered,30.53
10910,2025-08-05,Returned,38.68
10911,2025-06-17,Delivered,40.43
10912,2024-08-29,Returned,40.66
10913,2023-12-22,Pending,29.48
10914,2025-05-17,Pending,35.39
10915,2024-08-13,Delivered,45.04
10916,2025-12-04,Pending,5.9
10917,2023-05-19,Delivered,28.72
10918,2023-08-14,Pending,36.22
10919,2023-06-03,Pending,46.28
10920,2024-09-22,Pending,25.9
10921,2024-12-02,Pending,46.75
10922,2023-12-22,Returned,11.19
10923,2025-04-09,Delivered,33.08
10924,2025-01-23,Delivered,32.24
10925,2024-12-18,Returned,49.69
10926,2023-06-18,Pending,45.85
10927,2023-05-02,Delivered,41.41
10928,2024-06-19,Returned,15.92
10929,2023-02-12,Delivered,15.38
10930,2024-08-26,Returned,18.8
10931,2025-05-24,Delivered,27.73
10932,2025-06-05,Delivered,36.2
10933,2023-06-22,Delivered,31.37
10934,2024-09-14,Delivered,36.77
10935,2023-04-22,Delivered,41.44
10936,2024-07-30,Delivered,30.04
10937,2025-05-02,Delivered,34.14
10938,2023-10-06,Returned,43.2
10939,2023-03-30,Pending,22.39
10940,2025-03-30,Delivered,43.98
10941,2024-01-02,Pending,28.47
10942,2023-09-13,Returned,43.6
10943,2024-07-26,Pending,40.56
10944,2023-04-11,Pending,36.67
10945,2023-04-03,Pending,29.38
10946,2025-09-22,Returned,8.93
10947,2024-08-02,Pending,36.95
10948,2025-04-10,Returned,6.74
10949,2024-11-18,Pending,21.98
10950,2023-12-14,Pending,5.46
10951,2023-11-29,Returned,10.24
10952,2025-09-05,Returned,26.8
10953,2024-09-03,Pending,16.75
10954,2023-06-29,Delivered,11.59
10955,2024-10-03,Returned,44.78
10956,2023-09-15,Returned,22.51
10957,2025-01-07,Pending,41.23
10958,2023-08-27,Pending,10.38
10959,2025-04-29,Returned,12.19
10960,2026-01-01,Delivered,18.85
10961,2025-04-23,Delivered,36.24
10962,2025-06-14,Returned,19.28
10963,2023-04-07,Delivered,12.68
10964,2025-06-20,Delivered,47.09
10965,2024-06-10,Delivered,13.21
10966,2023-04-08,Returned,33.68
10967,2023-03-09,Pending,30.12
10968,2025-06-23,Delivered,12.39
10969,2025-12-21,Delivered,26.72
10970,2024-09-13,Pending,6.93
10971,2025-08-03,Delivered,22.27
10972,2023-12-21,Delivered,43.1
10973,2025-07-10,Delivered,11.37
10974,2025-10-28,Returned,27.07
10975,2025-10-31,Returned,32.02
10976,2025-12-15,Returned,15.26
10977,2025-11-30,Returned,11.58
10978,2023-02-12,Returned,16.55
10979,2023-10-09,Returned,6.7
10980,2024-08-24,Delivered,27.45
10981,2025-06-09,Delivered,44.99
10982,2023-03-20,Returned,31.61
10983,2024-08-20,Pending,49.76
10984,2024-12-17,Returned,31.34
10985,2025-11-12,Returned,20.56
10986,2023-09-28,Returned,32.51
10987,2024-10-23,Returned,22.87
10988,2024-07-12,Pending,39.16
10989,2025-06-12,Returned,7.67
10990,2024-12-19,Returned,41.12
10991,2025-09-06,Delivered,42.07
10992,2024-10-06,Delivered,36.6
10993,2025-02-08,Returned,43.4
10994,2025-11-05,Pending,42.48
10995,2024-09-29,Returned,23.62
10996,2023-09-19,Returned,20.71
10997,2025-09-09,Returned,25.08
10998,2024-05-22,Pending,7.95
10999,2024-02-10,Pending,44.12
11000,2024-12-17,Delivered,19.38
