OrderID,ProductID,Quantity,Discount,TotalSales,Profit
10001,85,9,0.12,7547.8392,602.66
10001,50,2,0.16,1261.4951999999998,306.61
10002,84,6,0.15,593.028,156.36
10003,72,1,0.11,681.4196,67.89
10004,53,8,0.08,3930.4608,828.51
10004,3,9,0.18,2070.0162,791.86
10004,78,1,0.06,495.8124,101.45
10005,4,6,0.19,3905.3502000000003,1123.7
10005,85,2,0.07,1772.5985999999998,285.3
10005,78,9,0.14,4082.5404000000003,1080.69
10006,94,1,0.04,933.7056,260.53
10006,81,8,0.2,3948.5440000000003,388.68
10007,59,8,0.08,2497.3216,557.65
10007,57,2,0.13,145.2552,19.98
10008,50,5,0.23,2890.9265,888.44
10008,80,7,0.08,4484.300800000001,1656.53
10008,29,4,0.12,496.49600000000004,49.15
10008,55,8,0.2,2053.5040000000004,446.2
10009,37,6,0.14,4043.0148000000004,992.92
10009,57,3,0.22,195.3432,69.25
10009,19,7,0.14,3676.414,609.8
10010,66,4,0.1,2246.544,502.75
10010,13,2,0.23,341.6028,126.4
10010,70,7,0.15,3414.5265,528.09
10011,84,4,0.18,381.39840000000004,89.74
10011,75,7,0.14,4840.5014,686.52
10011,8,3,0.01,2669.5548,855.61
10011,60,3,0.02,2138.85,309.36
10012,100,8,0.12,340.2432,54.41
10012,5,4,0.11,2261.7392000000004,896.31
10012,6,9,0.19,998.9487,50.51
10012,99,2,0.2,493.48800000000006,103.53
10013,40,9,0.19,2922.1236000000004,780.77
10013,94,7,0.1,6127.443,1432.39
10014,59,7,0.16,1995.1428,100.69
10014,13,5,0.23,854.007,291.63
10015,80,9,0.05,5953.536,1413.82
10015,27,5,0.03,877.4619999999999,323.28
10015,96,2,0.03,1277.8780000000002,502.59
10016,91,5,0.24,637.944,75.28
10016,86,8,0.07,637.0871999999999,116.59
10016,17,5,0.23,1034.3410000000001,372.89
10016,45,3,0.19,1858.3425000000002,376.49
10017,40,5,0.13,1743.6539999999998,362.07
10017,40,7,0.15,2384.9979999999996,185.69
10017,79,1,0.09,107.016,10.38
10017,20,9,0.18,3224.691,722.96
10018,91,5,0.17,696.702,67.24
10018,89,8,0.22,2560.8336,508.09
10018,74,8,0.07,6889.2912,1543.13
10018,51,2,0.12,703.736,239.51
10019,22,2,0.16,349.0032,39.12
10019,11,4,0.04,233.20319999999998,51.56
10019,79,7,0.15,699.7199999999999,141.62
10019,11,8,0.2,388.672,38.42
10020,76,5,0.18,1394.1640000000002,162.63
10020,21,9,0.23,4439.2887,639.18
10020,64,5,0.05,2282.66,701.03
10021,3,5,0.24,1065.862,79.65
10021,7,5,0.04,2758.128,940.27
10021,18,8,0.06,4270.833599999999,614.41
10022,10,1,0.13,579.3590999999999,168.94
10022,40,6,0.24,1827.8304,665.97
10022,18,5,0.08,2612.4779999999996,670.4
10023,14,5,0.05,2928.1375,190.67
10023,76,2,0.07,632.4744,223.01
10024,8,7,0.12,5536.8544,1039.23
10024,83,7,0.1,4065.3269999999998,497.52
10024,50,2,0.08,1381.6376,416.64
10024,37,7,0.04,5265.3216,1183.68
10025,51,3,0.18,983.6310000000002,329.94
10025,2,2,0.23,1255.4234000000001,451.77
10025,93,5,0.14,541.8430000000001,84.28
10026,85,6,0.14,4917.531599999999,1321.97
10026,86,1,0.03,83.0611,19.32
10026,99,6,0.24,1406.4407999999999,491.77
10026,58,4,0.05,3073.668,833.71
10027,9,6,0.22,1423.2816,374.91
10027,82,1,0.02,325.6834,91.23
10027,55,1,0.22,250.2708,82.61
10027,53,3,0.17,1329.7347,289.75
10028,90,3,0.01,2637.0333,648.58
10029,31,2,0.18,370.98440000000005,113.03
10030,65,3,0.13,1286.5994999999998,398.49
10030,2,6,0.03,4744.5222,486.23
10031,82,3,0.06,937.1705999999999,131.28
10031,89,4,0.25,1231.17,217.96
10031,96,4,0.02,2582.1040000000003,358.3
10031,34,1,0.02,362.84499999999997,75.06
10032,100,4,0.06,181.7208,31.34
10032,97,7,0.15,2688.1505,1029.71
10033,52,2,0.04,1216.128,465.77
10033,38,4,0.18,433.87840000000006,147.66
10034,94,1,0.13,846.1707,286.4
10034,71,7,0.09,2743.3679,725.72
10034,68,3,0.23,1310.7171,331.68
10035,6,4,0.22,427.53360000000004,104.86
10035,91,4,0.06,631.2288,245.87
10036,1,9,0.13,7759.060200000001,2026.58
10036,34,3,0.06,1044.105,206.55
10036,74,5,0.1,4166.91,227.64
10036,7,7,0.1,3620.043,412.47
10037,21,3,0.11,1710.3753,392.78
10037,6,2,0.01,271.3194,103.32
10038,84,6,0.01,690.7032,90.4
10038,87,7,0.03,2323.9453999999996,464.52
10038,48,2,0.08,115.11040000000001,13.21
10038,26,3,0.08,1167.2592,379.37
10039,43,3,0.24,1141.5276,60.49
10039,38,8,0.02,1037.0752,382.83
10039,23,1,0.11,464.8826,164.76
10039,20,8,0.21,2761.524,159.95
10040,5,1,0.2,508.2560000000001,91.77
10040,32,5,0.05,998.6875,181.29
10041,58,2,0.08,1488.3024,534.84
10041,49,2,0.07,532.7226,119.76
10041,25,7,0.22,2078.2944,234.84
10042,65,8,0.01,3904.1639999999998,1231.1
10042,26,1,0.0,422.92,162.33
10043,27,9,0.17,1351.4723999999999,261.79
10044,22,7,0.05,1381.471,293.71
10045,72,1,0.1,689.076,196.07
10045,5,6,0.17,3163.8936,681.08
10045,100,8,0.18,317.0448,113.24
10045,70,2,0.2,918.192,96.36
10046,36,2,0.11,1090.8018,406.16
10046,74,8,0.16,6222.5856,735.02
10047,68,7,0.24,3018.6212,1104.69
10047,37,1,0.21,618.9887,171.1
10047,35,2,0.16,1461.7007999999998,541.03
10047,56,5,0.04,2194.272,345.35
10048,78,2,0.17,875.5836,205.4
10048,88,6,0.23,4486.5744,1011.9
10049,74,9,0.15,7083.746999999999,545.1
10050,43,2,0.24,761.0184,286.15
10050,69,5,0.15,392.61499999999995,65.09
10050,92,6,0.1,461.1600000000001,95.38
10050,27,3,0.1,488.484,102.36
10051,16,8,0.23,3432.1672,207.63
10051,85,7,0.18,5470.2774,1411.71
10051,46,2,0.01,1763.3087999999998,593.57
10051,1,6,0.25,4459.2300000000005,1323.92
10052,65,6,0.02,2898.546,1073.78
10052,31,5,0.14,972.703,168.64
10052,71,9,0.03,3759.7491,781.03
10053,35,1,0.08,800.4552,69.72
10053,89,5,0.1,1846.7549999999999,239.23
10053,76,2,0.24,516.8608,147.62
10054,9,3,0.22,711.6408,231.94
10054,40,8,0.17,2661.5775999999996,544.44
10055,85,8,0.09,6937.9128,2008.33
10055,29,5,0.0,705.25,266.06
10056,25,9,0.22,2672.0928,543.08
10057,95,3,0.16,269.64,16.43
10057,55,4,0.12,1129.4272,84.35
10057,49,9,0.03,2500.3593,675.06
10058,57,1,0.17,69.2884,10.41
10058,7,1,0.05,545.8795,179.11
10059,90,7,0.14,5345.0978,1288.13
10060,56,6,0.09,2495.9844000000003,128.75
10060,58,4,0.07,3008.9592,150.64
10060,49,3,0.2,687.384,52.81
10060,61,1,0.1,20.673,2.75
10061,13,4,0.15,754.188,216.97
10061,23,5,0.24,1984.8920000000003,387.54
10061,92,1,0.17,70.882,12.49
10062,49,8,0.07,2130.8904,188.55
10062,66,2,0.01,1235.5991999999999,172.02
10063,39,9,0.16,2472.498,619.64
10063,28,8,0.01,4943.0304,1195.66
10063,58,3,0.1,2183.922,409.52
10064,66,6,0.24,2845.6223999999997,754.02
10064,87,2,0.0,684.52,273.28
10065,14,4,0.21,1947.9820000000002,224.94
10066,96,9,0.07,5513.3189999999995,629.07
10066,34,3,0.19,899.7075000000001,73.95
10067,73,5,0.1,1427.715,104.1
10067,57,4,0.12,293.8496,91.83
10067,84,9,0.17,868.6116,136.93
10068,73,7,0.14,1909.9653999999998,160.27
10069,36,7,0.04,4118.0832,1505.18
10070,5,1,0.15,540.022,124.76
10071,53,3,0.23,1233.6093,180.27
10071,34,8,0.24,2251.12,670.29
10071,21,8,0.09,4663.4952,289.72
10071,92,1,0.12,75.152,24.16
10072,6,2,0.13,238.4322,54.08
10073,27,9,0.15,1384.038,250.47
10073,48,9,0.25,422.28,74.98
10073,87,9,0.17,2556.6822,322.84
10073,10,1,0.18,546.0626,165.46
10074,6,3,0.09,374.09190000000007,19.15
10075,14,6,0.07,3439.791,892.85
10075,53,6,0.06,3011.9291999999996,1044.6
10075,49,5,0.17,1188.6015,341.98
10076,76,1,0.05,323.038,20.96
10076,79,1,0.19,95.256,9.63
10076,76,6,0.04,1958.6304000000002,246.42
10077,79,6,0.22,550.3679999999999,61.59
10078,93,5,0.08,579.6460000000001,137.09
10078,26,4,0.24,1285.6768,425.9
10079,37,4,0.15,2664.002,519.17
10079,24,6,0.0,4334.82,1706.43
10079,55,8,0.09,2335.8608000000004,209.04
10079,91,6,0.23,775.6056,51.75
10080,29,4,0.08,519.0640000000001,53.43
10081,81,5,0.02,3023.1040000000003,816.2
10081,85,1,0.25,714.7574999999999,168.4
10081,94,5,0.06,4571.267,682.65
10081,64,2,0.01,951.5088,170.32
10082,53,8,0.16,3588.6816,1275.18
10082,77,6,0.04,2102.1119999999996,366.04
10083,97,8,0.11,3216.7448000000004,604.52
10083,1,8,0.16,6659.1168,1980.04
10084,93,4,0.02,493.9592,186.32
10084,84,3,0.19,282.5604000000001,45.26
10084,82,2,0.15,564.961,184.91
10084,53,1,0.13,464.60609999999997,123.54
10085,38,5,0.05,628.3299999999999,75.01
10086,79,6,0.12,620.9279999999999,40.84
10086,19,6,0.1,3297.78,792.85
10086,16,9,0.0,5014.53,1937.05
10087,25,3,0.24,867.8592000000001,84.65
10088,80,2,0.12,1225.5232,396.52
10088,14,1,0.18,505.4890000000001,134.0
10088,97,2,0.06,849.3652,269.23
10089,73,1,0.0,317.27,46.77
10089,89,8,0.11,2921.9768,1144.04
10090,100,9,0.11,387.1233,67.24
10090,43,4,0.19,1622.1708,415.62
10090,30,2,0.22,796.8324,198.13
10090,38,4,0.14,455.0432,100.41
10091,10,4,0.03,2583.8084,165.76
10091,2,9,0.12,6456.4632,1321.39
10091,24,9,0.08,5982.051600000001,1153.61
10091,48,1,0.18,51.299200000000006,7.88
10092,2,8,0.11,5804.2952000000005,2298.34
10092,92,8,0.01,676.368,109.8
10093,6,7,0.11,853.6969,98.56
10093,40,5,0.11,1783.7379999999998,299.62
10093,43,9,0.01,4460.9697,1046.6
10093,8,1,0.14,773.0024,121.28
10094,89,1,0.12,361.1432,96.9
10095,25,8,0.17,2527.4496,1004.08
10095,65,2,0.18,808.438,245.3
10095,93,4,0.1,453.636,160.4
10095,28,5,0.24,2371.656,686.98
10096,4,7,0.1,5062.491000000001,1631.13
10096,78,3,0.21,1250.0802,285.78
10096,71,5,0.17,1787.2804999999998,314.64
10096,90,3,0.17,2210.8460999999998,284.53
10097,82,8,0.25,1993.98,794.42
10097,69,9,0.19,673.4502,167.49
10097,9,6,0.07,1696.9895999999999,360.65
10097,90,2,0.18,1456.1396000000002,121.66
10098,41,7,0.11,5375.3063,855.67
10099,16,7,0.01,3861.1880999999994,780.51
10099,60,2,0.15,1236.75,280.7
10099,67,9,0.24,6673.1723999999995,2333.65
10099,40,2,0.01,793.6632,166.89
10100,86,3,0.23,197.8053,27.16
10101,1,2,0.04,1902.6048,630.42
10101,15,1,0.1,480.33900000000006,46.91
10102,69,2,0.02,181.0648,63.51
10102,41,4,0.01,3416.7275999999997,785.53
10103,57,5,0.05,396.53000000000003,120.88
10104,71,6,0.14,2222.2572,296.92
10104,99,2,0.03,598.3542,209.04
10104,81,4,0.14,2122.3424,610.51
10104,71,4,0.25,1292.01,404.25
10105,46,8,0.2,5699.584,910.56
10105,69,2,0.17,153.3508,31.75
10106,62,1,0.15,739.568,89.07
10106,39,8,0.13,2276.268,286.13
10107,35,9,0.07,7282.402199999999,1920.8
10107,19,2,0.09,1111.4740000000002,299.0
10107,11,1,0.06,57.08619999999999,18.26
10108,87,9,0.21,2433.4686,122.43
10108,31,9,0.08,1873.0188000000003,276.02
10108,1,4,0.11,3527.7464000000004,1065.88
10108,43,3,0.04,1441.9296,271.46
10109,83,1,0.16,542.0436,74.52
10110,27,2,0.19,293.0904,114.84
10110,84,2,0.19,188.3736,51.96
10111,15,9,0.03,4659.2883,1468.04
10112,66,7,0.04,4193.5488,1391.66
10112,1,4,0.07,3686.2968,435.66
10112,19,1,0.22,476.34600000000006,57.67
10112,20,4,0.15,1485.6299999999999,189.64
10113,36,9,0.22,4301.926199999999,268.48
10114,35,5,0.15,3697.754999999999,1393.66
10114,35,3,0.08,2401.3656,350.96
10114,37,4,0.23,2413.2724,399.5
10115,97,2,0.03,876.4726,302.61
10116,43,2,0.18,821.0988000000001,327.48
10116,93,3,0.12,332.6664,47.09
10116,99,8,0.2,1973.9520000000002,713.03
10116,62,8,0.18,5707.724800000001,1612.03
10117,56,8,0.13,3181.6944,244.77
10117,7,6,0.05,3275.2769999999996,311.84
10117,98,9,0.0,7772.22,3017.32
10118,42,3,0.04,1932.7967999999998,492.01
10118,59,2,0.07,631.1166,97.58
10118,39,8,0.06,2459.416,768.35
10118,51,7,0.15,2379.1075,621.62
10119,90,3,0.04,2557.1232,299.54
10120,35,7,0.11,5420.4738,543.82
10120,11,4,0.12,213.7696,81.41
10120,97,3,0.15,1152.0645000000002,369.36
10121,11,7,0.08,391.10119999999995,143.81
10121,88,5,0.06,4564.264,361.21
10121,91,3,0.17,418.02119999999996,25.12
10121,13,8,0.12,1561.6127999999999,466.74
10122,2,8,0.01,6456.4632,699.44
10122,88,7,0.1,6118.0560000000005,1167.99
10122,64,4,0.11,1710.7936,143.72
10122,81,6,0.05,3516.672,521.6
10123,100,8,0.05,367.308,85.16
10123,22,8,0.08,1528.9664,513.36
10123,68,6,0.16,2859.7464,260.68
10124,69,8,0.08,679.9168,47.29
10124,97,9,0.08,3740.8212000000003,991.25
10125,32,5,0.09,956.6375,118.87
10126,85,8,0.17,6327.9864,2353.88
10126,9,2,0.23,468.3448,179.23
10127,25,5,0.01,1884.168,315.54
10127,29,8,0.04,1083.2640000000001,350.05
10128,55,7,0.08,2066.3384,465.45
10128,61,8,0.14,158.03359999999998,47.68
10128,87,9,0.23,2371.8618,606.21
10129,96,1,0.12,579.6560000000001,155.07
10129,91,2,0.08,308.8992,92.21
10130,90,3,0.21,2104.2993,176.48
10130,70,4,0.12,2020.0224,468.98
10131,84,4,0.05,441.864,107.68
10131,21,6,0.02,3766.6692,781.8
10132,46,1,0.08,819.3152,312.0
10133,2,2,0.17,1353.2486,413.7
10133,35,5,0.22,3393.2339999999995,1207.41
10133,100,1,0.0,48.33,8.61
10134,25,7,0.24,2025.0048,198.49
10134,89,6,0.2,1969.8720000000003,476.93
10134,6,7,0.23,738.5917000000001,234.67
10134,27,2,0.15,307.56399999999996,62.25
10135,53,8,0.22,3332.3472,1059.4
10135,46,2,0.22,1389.2736,532.19
10135,15,2,0.16,896.6328,99.5
10135,10,3,0.11,1778.0331,470.88
10136,51,7,0.2,2239.1600000000003,178.66
10136,93,2,0.13,219.25740000000002,23.09
10136,22,4,0.25,623.22,153.6
10136,94,2,0.1,1750.698,184.58
10137,79,4,0.13,409.248,100.79
10137,85,8,0.02,7471.5984,710.65
10137,69,2,0.17,153.3508,23.25
10138,49,6,0.14,1477.8756,519.79
10138,7,8,0.05,4367.036,1269.75
10138,4,6,0.2,3857.1360000000004,1401.19
10139,15,3,0.1,1441.017,550.79
10139,11,4,0.02,238.06159999999997,68.05
10140,36,9,0.0,5515.289999999999,1953.93
10140,52,2,0.13,1102.116,375.97
10141,62,2,0.02,1705.3568,464.64
10142,49,3,0.14,738.9378,261.79
10143,77,2,0.21,576.621,138.5
10143,9,2,0.06,571.7456,103.19
10143,77,5,0.15,1551.0375,383.92
10143,72,3,0.04,2205.0432,662.35
10144,78,1,0.17,437.7918,33.07
10144,83,6,0.03,3755.5878,672.15
10145,35,4,0.02,3410.6351999999997,483.14
10145,76,1,0.15,289.034,21.92
10145,9,2,0.21,480.50960000000003,163.27
10145,92,8,0.22,532.8960000000001,94.2
10146,23,9,0.03,4560.028200000001,468.32
10146,71,3,0.21,1020.6879,361.65
10147,63,2,0.05,1847.7879999999998,161.18
10148,52,3,0.1,1710.1799999999998,554.53
10148,22,6,0.09,1134.2604000000001,419.89
10149,58,1,0.04,776.5056,76.06
10149,73,7,0.14,1909.9653999999998,435.07
10150,46,7,0.15,5298.832,987.61
10150,37,1,0.0,783.53,222.31
10151,5,7,0.09,4046.9884000000006,1048.53
10152,45,3,0.0,2294.25,581.33
10152,22,1,0.24,157.88240000000002,31.43
10152,72,9,0.24,5236.9776,1205.94
10152,7,6,0.18,2827.0812,493.15
10153,75,4,0.15,2733.838,972.48
10153,89,8,0.05,3118.964,244.0
10154,89,9,0.16,3102.5483999999997,819.68
10154,34,8,0.04,2843.52,255.81
10154,73,3,0.09,866.1471,267.68
10154,29,1,0.2,112.84000000000002,20.6
10155,59,6,0.24,1547.2536,453.38
10156,39,6,0.03,1903.431,220.41
10156,92,3,0.22,199.83600000000004,63.03
10156,96,8,0.22,4110.2880000000005,207.16
10156,31,5,0.04,1085.808,88.34
10157,17,5,0.16,1128.372,70.34
10157,90,7,0.02,6090.925399999999,2110.25
10157,6,2,0.17,227.4698,51.57
10157,41,8,0.16,5798.083199999999,1325.17
10158,63,6,0.01,5776.7688,1573.34
10159,4,2,0.17,1333.9262,327.58
10160,35,9,0.15,6655.958999999999,2358.42
10161,83,2,0.23,993.7466,103.33
10161,39,6,0.09,1785.6930000000002,351.36
10161,20,7,0.23,2355.1605,847.99
10162,35,2,0.03,1687.9163999999998,521.79
10163,50,3,0.05,2140.0365,557.75
10163,38,9,0.08,1095.2784,432.21
10163,33,6,0.15,580.941,69.03
10164,91,9,0.19,1223.8452000000002,389.95
10164,23,2,0.06,981.9992,342.5
10165,54,1,0.08,836.7952,56.58
10165,82,1,0.19,269.1873,107.31
10166,60,1,0.09,662.025,72.5
10167,80,2,0.16,1169.8176,65.23
10168,31,9,0.09,1852.6599,172.41
10169,9,1,0.18,249.37840000000003,55.54
10170,24,4,0.01,2860.9812,831.05
10170,4,5,0.03,3897.3145000000004,288.55
10170,90,2,0.12,1562.6864,352.49
10170,46,4,0.06,3348.5055999999995,1280.03
10171,46,4,0.0,3562.24,1366.69
10172,85,5,0.07,4431.4965,1575.67
10173,100,2,0.01,95.6934,6.04
10173,24,2,0.08,1329.3448,373.69
10174,22,1,0.23,159.9598,57.44
10174,14,9,0.09,5048.7255000000005,1611.47
10175,14,2,0.12,1084.952,171.77
10175,99,8,0.0,2467.44,563.21
10175,57,4,0.16,280.4928,86.34
10176,5,8,0.02,4980.9088,1223.86
10177,9,7,0.01,2107.5516000000002,833.31
10177,93,3,0.24,287.30280000000005,103.09
10177,31,8,0.22,1411.5504,163.79
10177,23,4,0.23,1608.8072000000002,394.83
10178,34,7,0.03,2513.9975,669.64
10179,40,8,0.01,3174.6528,1053.98
10179,98,4,0.14,2970.7152,859.53
10179,11,1,0.12,53.4424,5.42
10179,52,9,0.08,5244.552,688.74
10180,68,6,0.07,3166.1477999999997,652.4
10180,75,1,0.21,635.2153000000001,102.79
10180,14,4,0.15,2095.9300000000003,504.8
10181,7,1,0.13,499.9107,148.11
10181,47,4,0.04,2096.9472,832.15
10181,57,3,0.08,230.4048,28.25
10181,15,3,0.2,1280.9040000000002,467.66
10182,98,2,0.14,1485.3576,120.9
10183,63,2,0.04,1867.2384,665.09
10184,63,9,0.22,6827.0904,2506.24
10184,3,2,0.16,471.2232,85.27
10185,80,7,0.04,4679.2704,553.19
10185,22,4,0.23,639.8392,130.76
10186,40,5,0.11,1783.7379999999998,326.68
10186,52,5,0.15,2691.95,854.56
10186,33,6,0.11,608.2794,30.96
10187,71,1,0.21,340.2293,91.76
10187,58,6,0.21,3833.9964,1129.64
10187,83,7,0.08,4155.6676,792.63
10187,59,5,0.01,1679.5845,351.14
10188,94,1,0.01,962.8839,293.02
10188,5,9,0.07,5317.6284,323.74
10188,100,8,0.13,336.3768,125.65
10188,34,3,0.05,1055.2124999999999,65.72
10189,25,1,0.22,296.8992,57.1
10189,1,8,0.03,7689.6944,932.58
10189,11,6,0.17,302.43539999999996,38.49
10189,19,7,0.02,4189.402,979.42
10190,41,5,0.22,3364.9589999999994,472.27
10190,17,9,0.19,1958.5314,280.44
10190,81,4,0.01,2443.1616,463.52
10190,30,4,0.09,1859.2756000000002,299.79
10191,78,5,0.15,2241.705,895.44
10191,89,1,0.24,311.89639999999997,83.84
10191,38,2,0.08,243.39520000000002,40.61
10191,7,7,0.14,3459.1522,1136.7
10192,22,1,0.1,186.966,28.84
10192,14,2,0.09,1121.939,400.4
10192,16,7,0.03,3783.1842999999994,1475.43
10193,50,8,0.06,5646.6928,447.36
10194,93,4,0.11,448.59560000000005,36.03
10195,3,1,0.09,255.2459,47.94
10196,63,6,0.18,4784.798400000001,393.5
10196,66,9,0.11,4998.560399999999,652.94
10196,22,6,0.15,1059.474,175.79
10197,36,3,0.19,1489.1282999999999,509.05
10197,58,6,0.08,4464.9072,950.91
10197,99,7,0.14,1856.7486000000001,451.68
10197,29,9,0.17,1053.6435,289.34
10198,54,6,0.17,4529.608799999999,1468.74
10199,50,5,0.02,3679.361,1334.49
10200,22,9,0.04,1794.8736000000001,388.68
10200,56,2,0.09,831.9948,278.78
10201,78,6,0.2,2531.8080000000004,762.23
10201,52,3,0.04,1824.1919999999998,371.56
10202,14,3,0.15,1571.9475,126.51
10202,10,4,0.2,2130.976,277.36
10202,62,4,0.09,3167.0912000000003,430.43
10203,18,4,0.02,2226.2855999999997,497.27
10203,87,5,0.02,1677.0739999999998,636.01
10203,3,2,0.08,516.1016000000001,183.17
10203,60,5,0.1,3273.75,569.05
10204,86,5,0.01,423.8685,109.55
10204,45,1,0.19,619.4475,37.44
10204,17,3,0.15,685.083,61.15
10205,54,7,0.11,5666.5588,840.83
10205,57,4,0.19,270.47520000000003,93.37
10205,69,3,0.14,238.3404,92.42
10206,46,7,0.19,5049.475200000001,279.97
10206,48,1,0.02,61.3088,5.64
10206,66,5,0.17,2589.7659999999996,228.27
10207,69,7,0.22,504.3948,175.09
10207,1,2,0.11,1763.8732000000002,573.71
10207,75,2,0.17,1334.7562,241.26
10208,41,4,0.0,3451.24,283.53
10208,81,2,0.07,1147.5456,83.02
10209,85,4,0.21,3011.5116000000003,1057.18
10209,50,4,0.1,2703.204,608.43
10209,14,7,0.12,3797.3320000000003,283.58
10210,62,4,0.24,2645.0432,1017.87
10211,87,6,0.19,1663.3836000000001,191.46
10211,39,6,0.24,1491.3480000000002,570.35
10211,13,3,0.16,558.9864,108.5
10212,67,4,0.24,2965.8544,1153.2
10212,30,2,0.12,898.9904,237.57
10212,32,4,0.23,647.57,79.69
10213,20,8,0.03,3390.732,934.86
10213,24,9,0.06,6112.0962,417.93
10213,63,6,0.21,4609.7448,1589.02
10213,67,6,0.15,4975.611,1653.19
10214,91,8,0.04,1289.3183999999999,179.84
10214,45,8,0.24,4649.68,938.94
10215,44,5,0.15,1336.4975000000002,81.77
10215,15,4,0.11,1900.0076000000001,216.13
10216,14,2,0.18,1010.9780000000002,153.72
10216,39,9,0.13,2560.8015,428.44
10216,87,4,0.03,1327.9687999999999,273.09
10216,65,1,0.05,468.30249999999995,157.13
10217,40,2,0.19,649.3608,84.68
10218,40,4,0.05,1523.1919999999998,524.29
10218,39,9,0.04,2825.712,1088.68
10218,52,3,0.2,1520.1599999999999,526.1
10219,60,9,0.08,6023.7,991.21
10219,13,9,0.01,1976.4162,101.21
10220,33,4,0.09,414.6324,30.83
10220,74,6,0.0,5555.88,833.21
10220,95,6,0.09,584.22,155.89
10221,40,8,0.22,2501.2416,505.74
10221,34,2,0.15,629.425,47.53
10221,54,3,0.01,2701.3932,794.45
10221,61,5,0.15,97.62249999999999,25.4
10222,31,1,0.24,171.9196,23.04
10222,25,8,0.16,2557.9008,664.33
10222,68,5,0.16,2383.122,487.31
10223,31,7,0.04,1520.1312,101.79
10223,61,1,0.21,18.1463,6.79
10223,66,6,0.25,2808.18,743.83
10223,96,6,0.11,3517.458,793.7
10224,95,2,0.2,171.20000000000002,15.78
10225,13,3,0.04,638.8416,218.29
10225,53,4,0.13,1858.4243999999999,579.6
10225,6,6,0.08,756.4056,152.63
10225,5,4,0.06,2388.8032,688.51
10226,4,3,0.09,2193.7461000000003,570.08
10226,37,3,0.02,2303.5782,686.15
10226,53,6,0.13,2787.6366,574.71
10227,12,5,0.12,3685.1319999999996,1131.02
10228,4,5,0.24,3053.5660000000003,309.5
10228,33,8,0.18,747.2496,250.91
10229,55,8,0.04,2464.2048,923.29
10229,23,1,0.14,449.2124,123.78
10229,39,6,0.25,1471.7250000000001,101.08
10229,23,4,0.01,2068.4664000000002,752.46
10230,81,6,0.11,3294.5664,184.64
10230,73,4,0.04,1218.3167999999998,108.52
10230,38,9,0.07,1107.1835999999998,215.99
10230,46,2,0.21,1407.0848,272.1
10231,80,3,0.01,2068.0704,357.37
10231,93,6,0.22,589.7268,199.7
10232,73,9,0.13,2484.2241,753.78
10232,9,9,0.05,2600.2259999999997,208.5
10232,74,2,0.17,1537.1268,321.94
10232,81,2,0.24,937.7792000000001,290.95
10233,9,5,0.15,1292.51,284.09
10234,45,4,0.0,3059.0,385.54
10234,2,6,0.23,3766.2702000000004,375.11
10234,66,7,0.12,3844.0863999999997,371.54
10234,88,6,0.04,5593.6512,1554.92
10235,70,4,0.2,1836.384,154.12
10235,97,5,0.07,2100.8235,714.5
10235,45,6,0.11,4083.765,1464.01
10235,34,3,0.02,1088.535,294.43
10236,68,7,0.11,3534.9643,381.15
10236,89,3,0.19,997.2477000000001,352.16
10236,24,7,0.21,3995.2591,1443.46
10236,42,3,0.11,1791.8636999999999,572.19
10237,64,9,0.02,4238.5392,886.36
10237,34,5,0.05,1758.6875,145.39
10238,22,7,0.24,1105.1768,174.39
10238,35,1,0.12,765.6528,233.4
10239,45,2,0.03,1483.615,251.25
10239,93,8,0.13,877.0296000000001,260.56
10240,95,2,0.04,205.44,50.09
10240,52,2,0.05,1203.4599999999998,240.65
10240,51,7,0.08,2575.0340000000006,692.81
10241,91,8,0.1,1208.736,155.24
10241,15,6,0.21,2529.7854,317.47
10242,91,8,0.03,1302.7487999999998,396.98
10242,67,2,0.04,1873.1712,584.87
10243,46,7,0.17,5174.1536,727.85
10243,38,2,0.18,216.93920000000003,42.22
10243,40,4,0.02,1571.2928,254.9
10243,29,9,0.22,990.171,153.07
10244,20,1,0.08,401.994,50.26
10245,16,9,0.12,4412.7864,1051.27
10246,83,5,0.19,2613.4245,401.12
10246,10,2,0.19,1078.8066,358.72
10247,70,7,0.21,3173.5011000000004,993.95
10247,87,4,0.2,1095.232,429.58
10247,29,9,0.15,1079.0325,402.88
10247,47,4,0.19,1769.2992000000002,158.68
10248,53,2,0.04,1025.3375999999998,301.3
10248,72,2,0.1,1378.152,188.21
10248,57,2,0.2,133.568,35.98
10249,33,7,0.07,741.5541,258.36
10249,44,5,0.21,1242.1565,90.64
10249,97,9,0.05,3862.8044999999997,544.7
10250,90,6,0.07,4954.4262,751.85
10251,43,9,0.18,3694.9446000000003,861.19
10251,39,9,0.14,2531.367,381.93
10251,23,8,0.09,3802.6352,513.46
10252,75,4,0.16,2701.6752,285.9
10252,37,8,0.12,5516.0512,1032.55
10253,79,9,0.04,1016.0639999999999,83.61
10254,1,5,0.24,3765.5720000000006,381.51
10254,14,4,0.23,1898.6660000000002,641.78
10254,69,9,0.09,756.5921999999999,110.83
10255,3,2,0.2,448.78400000000005,150.59
10255,46,2,0.07,1656.4415999999999,659.79
10256,85,7,0.13,5803.8309,783.06
10256,89,6,0.17,2043.7422,271.38
10257,5,4,0.15,2160.088,243.78
10257,1,8,0.19,6421.291200000001,2327.36
10257,17,6,0.09,1466.8836000000001,417.13
10257,64,8,0.05,3652.256,1167.01
10258,32,5,0.2,841.0,304.02
10258,72,7,0.18,4394.7735999999995,1080.11
10258,27,6,0.12,955.2576,313.02
10259,65,7,0.22,2691.507,774.04
10259,65,2,0.19,798.5790000000001,289.63
10259,54,8,0.07,6767.126399999999,2604.39
10259,46,1,0.13,774.7872,230.04
10260,47,4,0.24,1660.0832,653.92
10261,57,3,0.13,217.8828,65.61
10261,78,3,0.1,1424.142,181.53
10261,97,7,0.04,3036.0288,1148.31
10262,23,1,0.22,407.4252,66.4
10262,50,7,0.12,4625.4824,517.57
10263,8,5,0.23,3460.534,377.28
10263,33,1,0.21,89.9889,14.98
10263,42,1,0.16,563.7324,31.37
10263,40,4,0.03,1555.2592,600.96
10264,60,9,0.21,5172.525000000001,632.29
10264,16,8,0.09,4056.1976,1348.75
10265,20,7,0.09,2783.3715,720.15
10266,62,1,0.23,669.9616000000001,121.86
10266,34,2,0.06,696.0699999999999,219.1
10266,28,4,0.13,2171.9376,555.02
10266,70,3,0.11,1532.2329000000002,410.8
10267,90,7,0.2,4972.184,498.0
10268,17,1,0.11,239.1074,36.45
10268,31,2,0.13,393.60540000000003,71.87
10269,30,4,0.09,1859.2756000000002,563.89
10270,59,9,0.16,2565.1836,808.73
10271,42,4,0.12,2362.3072,882.8
10271,3,5,0.18,1150.009,403.05
10272,5,4,0.23,1956.7856000000002,308.17
10273,95,3,0.04,308.15999999999997,26.77
10273,77,3,0.12,963.468,111.88
10273,97,9,0.02,3984.7878,882.12
10274,86,4,0.2,274.016,66.26
10274,45,6,0.18,3762.57,1320.13
10275,64,1,0.02,470.9488,156.47
10275,55,7,0.23,1729.4354,466.33
10275,62,1,0.22,678.6624,252.25
10275,14,1,0.03,597.9565,32.83
10276,8,2,0.09,1635.8888000000002,647.9
10276,82,5,0.16,1395.7859999999998,499.17
10277,73,9,0.18,2341.4526,127.79
10277,70,9,0.16,4338.4572,1003.09
10277,47,8,0.05,4150.2080000000005,767.72
10277,32,8,0.13,1463.34,267.56
10278,20,4,0.23,1345.806,356.27
10278,3,3,0.19,681.5907000000001,105.84
10278,26,5,0.19,1712.826,495.11
10279,31,3,0.01,671.8437,197.08
10280,54,4,0.06,3419.9455999999996,341.65
10281,48,9,0.14,484.21439999999996,49.48
10281,100,9,0.22,339.2766,35.78
10282,83,4,0.23,1987.4932,608.14
10283,99,5,0.16,1295.406,441.68
10283,12,3,0.04,2412.0864,457.7
10284,23,6,0.24,2381.8704,833.26
10284,71,5,0.15,1830.3474999999999,335.43
10284,81,3,0.07,1721.3183999999999,265.37
10284,56,3,0.03,1330.2774,268.42
10285,60,9,0.08,6023.7,993.7
10285,30,7,0.08,3289.4876000000004,282.62
10285,35,3,0.08,2401.3656,479.91
10285,86,6,0.19,416.1618,81.48
10286,9,5,0.11,1353.3339999999998,297.57
10287,90,8,0.07,6605.901599999999,1562.39
10288,21,3,0.05,1825.6815,157.48
10289,100,5,0.23,186.07049999999998,63.72
10289,1,6,0.02,5826.7272,418.92
10289,58,4,0.17,2685.4152,711.29
10290,74,4,0.23,2852.0184,327.15
10291,84,8,0.18,762.7968000000001,298.41
10292,50,4,0.1,2703.204,169.69
10292,18,6,0.18,2794.2156,285.84
10293,50,9,0.04,6487.6896,1663.22
10293,75,8,0.12,5660.652800000001,2173.9
10293,10,1,0.03,645.9521,133.71
10293,93,3,0.03,366.6891,39.04
10294,36,8,0.05,4657.356,1822.36
10294,99,9,0.01,2748.1113,995.26
10294,52,6,0.07,3534.3719999999994,195.59
10295,50,1,0.08,690.8188,126.25
10295,60,8,0.19,4714.200000000001,1029.41
10295,77,7,0.12,2248.092,218.89
10296,97,8,0.08,3325.1744000000003,226.86
10296,22,7,0.02,1425.0964000000001,331.19
10296,37,9,0.17,5852.969099999999,740.58
10296,91,7,0.2,940.1279999999999,287.18
10297,8,9,0.03,7846.8732,2373.82
10298,40,9,0.18,2958.1992,310.75
10298,61,4,0.04,88.20479999999999,20.76
10298,41,3,0.25,1941.3224999999998,293.25
10298,17,8,0.2,1719.4240000000002,384.16
10299,7,2,0.18,942.3604000000001,276.67
10299,40,9,0.23,2777.8212,1099.26
10299,57,8,0.03,647.8048,226.24
10300,70,2,0.23,883.7598,300.27
10300,28,6,0.09,3407.6952000000006,419.14
10300,39,1,0.12,287.80400000000003,104.54
10300,28,9,0.19,4549.8348000000005,1789.99
10301,73,1,0.11,282.3703,23.84
10301,44,6,0.16,1584.9288000000001,234.7
10302,48,3,0.16,157.6512,33.82
10302,57,3,0.24,190.3344,32.08
10302,35,3,0.04,2505.7727999999997,678.0
10303,55,1,0.16,269.5224,103.71
10303,53,2,0.06,1003.9763999999999,344.75
10304,39,6,0.2,1569.8400000000001,564.73
10305,42,5,0.14,2885.773,666.31
10306,63,1,0.19,787.7412,224.01
10307,72,7,0.19,4341.1788,1076.05
10307,70,8,0.03,4453.2312,1115.49
10307,36,2,0.08,1127.5703999999998,132.92
10308,100,4,0.01,191.3868,21.75
10308,80,7,0.09,4435.558400000001,1649.77
10308,40,5,0.01,1984.158,562.1
10309,94,1,0.03,943.4317,330.34
10310,66,4,0.17,2071.8127999999997,389.37
10310,32,6,0.22,983.97,296.79
10311,42,8,0.01,5315.1912,347.25
10312,48,2,0.16,105.1008,31.81
10312,50,2,0.0,1501.78,504.09
10312,70,8,0.09,4177.7736,445.22
10312,10,3,0.18,1638.1878000000002,561.73
10313,35,6,0.08,4802.7312,937.61
10313,70,5,0.21,2266.7865,531.66
10314,86,4,0.16,287.7168,92.19
10314,15,8,0.08,3928.1056000000003,616.77
10314,20,3,0.09,1192.8735,380.01
10314,1,9,0.09,8115.798600000001,2938.47
10315,76,3,0.25,765.0900000000001,248.79
10315,11,1,0.12,53.4424,3.3
10316,51,7,0.14,2407.097,374.32
10316,78,1,0.1,474.71400000000006,103.34
10317,62,7,0.16,5116.0704000000005,1574.71
10317,35,6,0.07,4854.934799999999,466.64
10317,8,7,0.24,4781.8288,1672.93
10318,44,1,0.21,248.43130000000002,97.82
10319,14,6,0.11,3291.8430000000003,1162.71
10319,13,6,0.1,1197.8280000000002,202.14
10319,78,2,0.08,970.5264000000001,172.04
10319,51,7,0.19,2267.1495000000004,350.43
10320,73,9,0.06,2684.1041999999998,857.88
10321,16,2,0.09,1014.0494,183.06
10321,45,1,0.22,596.505,137.75
10322,15,3,0.11,1425.0057000000002,216.58
10322,15,8,0.04,4098.8928000000005,1463.69
10322,56,8,0.23,2815.9824,725.43
10323,74,2,0.06,1740.8424,481.68
10324,3,7,0.2,1570.7440000000001,277.87
10325,21,5,0.24,2434.242,947.37
10325,75,4,0.07,2991.1403999999998,1040.64
10325,55,7,0.23,1729.4354,413.78
10325,37,8,0.16,5265.321599999999,1174.87
10326,34,4,0.23,1140.3700000000001,66.73
10326,42,1,0.1,603.999,59.76
10327,43,9,0.01,4460.9697,793.56
10327,25,2,0.14,654.7008,170.08
10327,52,2,0.16,1064.1119999999999,229.16
10327,20,5,0.21,1725.9525,663.56
10328,33,5,0.03,552.4635,92.36
10329,39,6,0.19,1589.4630000000002,385.75
10330,48,4,0.16,210.2016,49.0
10330,87,4,0.05,1300.588,185.41
10331,19,4,0.15,2076.38,274.09
10331,1,1,0.01,981.0306,383.54
10332,65,2,0.07,916.887,254.89
10332,23,9,0.04,4513.0176,775.62
10332,21,7,0.24,3407.9388,486.21
10332,76,4,0.0,1360.16,451.91
10333,75,7,0.04,5403.3504,742.49
10333,63,9,0.05,8315.046,897.91
10334,57,1,0.19,67.61880000000001,14.2
10334,44,1,0.09,286.1677,105.25
10334,87,4,0.08,1259.5168,407.92
10335,8,5,0.19,3640.302,300.89
10335,75,8,0.24,4888.7456,408.04
10335,42,2,0.06,1261.6868,408.05
10336,12,2,0.09,1524.3046,449.33
10337,52,7,0.08,4079.0960000000005,921.68
10338,12,5,0.04,4020.1439999999993,645.09
10338,82,2,0.24,505.1416,66.63
10338,45,4,0.11,2722.51,378.72
10338,16,2,0.22,869.1852,252.34
10339,51,4,0.03,1551.4180000000001,573.46
10339,36,4,0.03,2377.7027999999996,647.43
10339,30,6,0.2,2451.7920000000004,846.37
10340,2,3,0.22,1907.5914000000002,718.69
10340,30,1,0.04,490.3584,151.33
10341,3,5,0.11,1248.1805000000002,425.56
10342,100,3,0.13,126.1413,11.12
10342,66,5,0.03,3026.5939999999996,1154.66
10342,62,6,0.25,3915.3600000000006,992.58
10342,40,9,0.13,3138.5771999999997,410.52
10343,79,1,0.08,108.192,13.94
10344,89,3,0.01,1218.8583,246.61
10344,80,4,0.23,2144.6656000000003,418.08
10344,31,6,0.2,1085.808,394.82
10345,36,6,0.01,3640.0914,1352.57
10346,61,4,0.25,68.91,5.64
10347,22,8,0.05,1578.824,116.86
10347,11,2,0.06,114.17239999999998,35.66
10347,25,6,0.15,1941.2640000000001,338.81
10348,71,1,0.05,409.1365,47.53
10348,62,5,0.2,3480.3200000000006,895.44
10348,6,4,0.14,471.3832,54.88
10348,78,8,0.06,3966.4992,1009.27
10349,82,9,0.21,2362.8663,605.22
10349,62,7,0.03,5907.8432,1236.89
10350,65,2,0.04,946.4639999999999,308.19
10351,77,4,0.17,1211.634,331.69
10351,14,2,0.02,1208.242,368.34
10352,64,9,0.1,3892.536,1237.69
10352,33,7,0.09,725.6067,74.4
10353,29,3,0.08,389.29800000000006,71.54
10353,13,5,0.13,964.9169999999999,150.02
10354,93,5,0.1,567.0450000000001,135.48
10354,47,8,0.06,4106.5216,1135.23
10355,72,6,0.07,4272.2712,935.23
10355,35,3,0.14,2244.7547999999997,120.77
10355,9,6,0.06,1715.2368,321.02
10355,42,6,0.21,3181.0614,931.14
10356,25,4,0.12,1339.8528,322.93
10356,67,9,0.19,7112.1969,1039.67
10356,79,7,0.05,782.0399999999998,124.74
10357,65,9,0.07,4125.9915,1208.37
10357,52,2,0.07,1178.1239999999998,136.62
10357,11,6,0.15,309.723,86.39
10357,95,1,0.07,99.50999999999999,39.52
10358,96,4,0.06,2476.712,302.44
10359,68,5,0.13,2468.2335,561.11
10359,12,6,0.1,4522.662,971.74
10360,22,9,0.05,1776.177,425.93
10360,83,1,0.02,632.3842,93.51
10360,9,4,0.07,1131.3264,383.53
10360,80,4,0.06,2618.1632,173.6
10361,14,1,0.22,480.8310000000001,29.1
10361,97,3,0.25,1016.5275000000001,223.46
10361,77,6,0.13,1905.0389999999998,137.16
10361,76,4,0.05,1292.152,341.31
10362,96,4,0.23,2028.7960000000003,594.0
10362,94,7,0.16,5718.9468,1257.92
10363,57,2,0.04,160.2816,24.84
10363,38,1,0.15,112.438,15.96
10364,22,7,0.22,1134.2604000000001,196.29
10364,58,7,0.2,4529.616000000001,1257.66
10365,66,9,0.12,4942.3967999999995,1698.85
10365,57,7,0.18,479.1752000000001,116.76
10365,42,4,0.22,2093.8632000000002,587.96
10366,15,6,0.21,2529.7854,375.55
10367,7,5,0.21,2269.7095000000004,383.44
10367,9,2,0.09,553.4984000000001,123.66
10368,65,2,0.03,956.323,157.53
10368,38,7,0.11,824.1044,143.51
10369,95,6,0.01,635.58,207.26
10369,77,6,0.17,1817.4509999999998,367.96
10369,63,1,0.19,787.7412,113.79
10369,98,3,0.08,2383.4808000000003,171.9
10370,45,4,0.08,2814.28,337.85
10370,53,1,0.19,432.5643,22.98
10370,94,4,0.06,3657.0135999999998,1202.26
10371,91,9,0.22,1178.5176000000001,221.3
10371,67,2,0.06,1834.1468,730.09
10372,45,1,0.2,611.8000000000001,204.44
10373,4,7,0.03,5456.2403,1989.12
10373,12,4,0.22,2613.0936,717.6
10373,66,2,0.1,1123.272,215.07
10373,40,3,0.24,913.9152,310.81
10374,15,1,0.13,464.32770000000005,92.85
10374,62,3,0.05,2479.728,580.08
10374,97,9,0.09,3700.1601,431.51
10375,3,7,0.14,1688.5498,106.55
10375,68,7,0.24,3018.6212,975.32
10376,43,7,0.09,3189.2679000000003,654.18
10376,81,6,0.1,3331.5840000000003,410.46
10376,21,3,0.23,1479.7629,197.98
10377,36,7,0.21,3388.8393,434.27
10377,87,1,0.06,321.72439999999995,98.5
10377,8,5,0.17,3730.1859999999997,1231.06
10378,40,4,0.11,1426.9904,78.54
10378,10,5,0.12,2930.0919999999996,666.37
10378,36,3,0.07,1709.7398999999998,209.83
10379,64,4,0.11,1710.7936,620.04
10379,57,7,0.02,572.6728,100.0
10379,41,7,0.14,5194.1162,1751.26
10380,60,5,0.02,3564.75,656.73
10380,29,1,0.17,117.0715,18.01
10380,37,8,0.19,5077.2744,938.44
10381,1,1,0.11,881.9366000000001,251.7
10381,53,9,0.22,3748.8905999999997,433.76
10382,44,7,0.04,2113.2383999999997,316.82
10382,79,9,0.12,931.3919999999999,146.68
10383,22,9,0.11,1663.9974000000002,629.64
10384,94,8,0.17,6458.1304,2107.45
10384,70,6,0.03,3339.9234,853.3
10384,16,2,0.18,913.7588,118.33
10384,43,1,0.22,390.5226,91.46
10385,87,8,0.24,2080.9408,594.56
10385,45,4,0.09,2783.69,564.77
10385,3,4,0.04,1077.0816,417.32
10385,38,4,0.15,449.752,126.57
10386,36,3,0.12,1617.8183999999999,379.92
10386,72,2,0.07,1424.0903999999998,474.6
10386,53,5,0.11,2376.4334999999996,509.97
10386,83,4,0.12,2271.4208,876.86
10387,49,9,0.13,2242.5903,504.5
10387,19,8,0.2,3908.4800000000005,352.46
10387,39,4,0.16,1098.888,286.79
10387,48,9,0.2,450.432,89.28
10388,79,2,0.1,211.68,60.88
10388,85,6,0.13,4974.7122,368.0
10388,55,8,0.08,2361.5296000000003,407.96
10388,87,7,0.07,2228.1125999999995,118.66
10389,65,1,0.02,483.091,132.07
10390,92,6,0.07,476.53200000000004,49.32
10390,46,9,0.03,7774.588799999999,1971.64
10390,66,9,0.03,5447.869199999999,2118.7
10390,59,5,0.19,1374.2055,532.95
10391,89,9,0.21,2917.8729,154.37
10391,60,3,0.02,2138.85,286.52
10391,54,5,0.22,3547.2839999999997,695.24
10391,92,8,0.15,580.72,75.78
10392,95,2,0.23,164.78,62.09
10393,94,9,0.08,8053.2108,1088.28
10393,62,1,0.03,843.9776,45.46
10394,47,4,0.22,1703.7696,531.74
10395,11,7,0.02,416.60779999999994,80.38
10395,82,3,0.16,837.4716,46.67
10396,100,5,0.12,212.652,67.52
10396,50,7,0.16,4415.2332,1057.08
10397,58,7,0.23,4359.7554,1471.62
10397,63,2,0.11,1731.0855999999999,607.66
10397,86,7,0.14,515.4925999999999,143.51
10397,82,9,0.05,2841.4214999999995,1082.08
10398,68,7,0.18,3256.9334000000003,970.65
10399,1,1,0.07,921.5742,342.49
10400,33,7,0.13,693.7119,243.46
10401,83,1,0.16,542.0436,150.52
10401,95,5,0.0,535.0,206.62
10401,97,4,0.08,1662.5872000000002,315.78
10401,32,9,0.19,1532.7225,159.49
10402,4,1,0.18,658.9274,58.89
10402,95,9,0.13,837.81,210.48
10403,57,3,0.18,205.3608,54.72
10403,55,6,0.02,1886.6568,531.49
10403,78,9,0.09,4319.897400000001,577.81
10403,57,1,0.05,79.306,16.65
10404,67,2,0.06,1834.1468,352.18
10404,64,4,0.23,1480.1248,343.65
10404,81,9,0.08,5108.428800000001,1038.68
10405,84,2,0.21,183.72240000000002,33.02
10405,16,4,0.18,1827.5176,389.66
10405,94,7,0.23,5242.3679,1239.1
10406,50,4,0.07,2793.3107999999997,403.07
10406,12,8,0.03,6499.2328,2011.74
10406,91,2,0.01,332.4024,83.62
10407,56,9,0.04,3949.6896,230.4
10408,71,7,0.05,2863.9555,1112.53
10408,9,6,0.01,1806.4728,702.97
10408,37,8,0.09,5704.0984,479.27
10408,44,4,0.08,1157.2496,157.98
10409,69,8,0.25,554.28,180.14
10409,79,3,0.23,271.65599999999995,30.3
10409,91,5,0.03,814.218,103.29
10409,48,4,0.12,220.21120000000002,78.36
10410,74,5,0.16,3889.1159999999995,1515.33
10410,42,3,0.13,1751.5971,136.58
10410,1,6,0.12,5232.1632,1408.1
10410,70,9,0.07,4803.291899999999,1020.72
10411,39,2,0.21,516.739,184.37
10411,29,8,0.12,992.9920000000001,265.18
10411,99,2,0.0,616.86,112.18
10411,92,5,0.1,384.3,21.14
10412,58,6,0.04,4659.0336,1385.08
10412,94,6,0.2,4668.528,1512.7
10412,29,9,0.17,1053.6435,406.23
10413,23,5,0.08,2402.7640000000006,241.94
10413,51,9,0.15,3058.8525,755.35
10413,72,8,0.03,5941.3664,1329.44
10413,56,1,0.24,347.4264,92.07
10414,9,7,0.23,1639.2068000000002,352.67
10415,97,3,0.23,1043.6349,86.16
10415,9,7,0.08,1958.5328000000002,481.46
10415,7,8,0.24,3493.6288,1355.96
10415,76,1,0.06,319.6376,20.63
10416,26,7,0.17,2457.1652,469.33
10416,49,5,0.23,1102.6785000000002,195.89
10417,12,3,0.21,1984.9461000000001,655.76
10417,12,8,0.08,6164.2208,1725.29
10418,71,3,0.08,1188.6492,62.26
10419,58,5,0.06,3801.642,730.19
10420,73,2,0.15,539.3589999999999,149.35
10421,61,8,0.04,176.40959999999998,51.08
10421,94,4,0.21,3073.4476,262.93
10422,29,5,0.07,655.8824999999999,235.62
10422,74,2,0.1,1666.7640000000001,415.35
10423,8,4,0.17,2984.1488,190.81
10424,69,8,0.16,620.7936,125.84
10424,36,3,0.24,1397.2068,100.8
10425,18,1,0.06,533.8541999999999,199.94
10425,23,7,0.19,2961.6678,901.16
10426,66,9,0.1,5054.724,883.72
10427,63,2,0.17,1614.3832,228.83
10427,98,4,0.16,2901.6288,217.14
10427,94,1,0.18,797.5402,195.88
10428,21,2,0.22,999.3204000000001,142.98
10428,16,5,0.17,2312.2554999999998,449.21
10429,51,9,0.05,3418.7174999999997,335.03
10430,20,3,0.18,1074.897,287.99
10430,4,4,0.01,3182.1372,540.24
10431,42,4,0.14,2308.6184,806.21
10431,28,4,0.14,2146.9728,362.33
10432,82,1,0.24,252.5708,33.92
10432,14,6,0.2,2958.9600000000005,815.32
10432,53,3,0.14,1377.7974,223.12
10433,72,2,0.01,1515.9672,171.94
10433,98,3,0.1,2331.666,550.7
10434,98,2,0.23,1329.9132000000002,77.81
10434,37,2,0.13,1363.3422,481.19
10434,42,3,0.15,1711.3304999999998,334.51
10434,47,9,0.14,4226.6592,1576.4
10435,88,1,0.16,815.7407999999999,153.99
10435,9,2,0.21,480.50960000000003,92.31
10435,55,8,0.18,2104.8416,827.39
10436,57,7,0.02,572.6728,184.32
10436,33,6,0.24,519.4296,177.01
10436,5,5,0.25,2382.4500000000003,859.39
10437,89,6,0.2,1969.8720000000003,120.79
10437,69,5,0.06,434.186,161.03
10437,84,6,0.18,572.0976,151.63
10438,10,6,0.02,3915.6684,346.89
10438,74,2,0.13,1611.2052,190.2
10438,70,8,0.19,3718.6776000000004,1365.22
10439,97,4,0.01,1789.0884,437.99
10439,47,7,0.18,3134.4992000000007,1175.23
10439,13,6,0.05,1264.374,248.28
10439,75,2,0.19,1302.5934000000002,99.58
10440,5,4,0.07,2363.3904,170.34
10440,68,2,0.23,873.8113999999999,201.5
10440,100,1,0.15,41.0805,5.95
10440,5,2,0.24,965.6864,299.0
10441,86,1,0.06,80.4922,24.39
10441,100,3,0.14,124.6914,14.89
10441,77,4,0.18,1197.036,216.06
10442,74,6,0.16,4666.9392,675.25
10443,20,4,0.18,1433.1960000000001,431.19
10443,14,3,0.2,1479.4800000000002,228.98
10444,71,3,0.11,1149.8889,281.21
10445,6,1,0.22,106.88340000000001,11.63
10445,21,9,0.14,4958.1666000000005,1723.23
10445,82,2,0.08,611.4872,79.96
10445,89,9,0.07,3434.9642999999996,580.96
10446,14,1,0.16,517.818,49.63
10446,4,6,0.21,3808.9218,288.86
10446,36,9,0.0,5515.289999999999,2049.16
10446,23,3,0.05,1488.6689999999999,210.87
10447,59,7,0.23,1828.8809,241.2
10447,22,3,0.2,498.576,120.19
10447,81,2,0.23,950.1184000000001,240.44
10447,74,8,0.14,6370.7424,2532.98
10448,62,1,0.11,774.3712,120.66
10448,1,1,0.19,802.6614000000001,206.62
10449,31,7,0.23,1219.2719,185.52
10449,1,2,0.06,1862.9672,374.97
10449,20,3,0.12,1153.548,323.62
10450,33,7,0.04,765.4752,48.17
10450,31,2,0.1,407.178,122.11
10451,36,4,0.12,2157.0912,320.61
10451,79,1,0.07,109.36799999999998,27.12
10452,5,6,0.2,3049.536,806.33
10452,61,5,0.13,99.9195,30.4
10452,48,6,0.24,285.2736,22.68
10453,25,7,0.19,2158.2288000000003,134.83
10453,95,7,0.21,591.71,50.32
10454,26,2,0.18,693.5888000000001,190.52
10455,10,7,0.15,3962.283499999999,228.61
10455,12,2,0.07,1557.8057999999999,506.66
10456,25,7,0.21,2104.9392000000003,824.5
10456,30,5,0.21,2017.6205000000002,109.96
10457,59,4,0.24,1031.5024,295.45
10457,32,7,0.23,1133.2475,449.29
10457,57,4,0.05,317.224,125.02
10457,40,4,0.15,1362.8559999999998,94.16
10458,35,7,0.2,4872.336,861.75
10458,43,8,0.25,3004.02,324.55
10459,97,5,0.15,1920.1075,594.06
10459,98,8,0.07,6425.0352,1289.31
10459,1,2,0.08,1823.3296000000003,459.64
10460,45,6,0.17,3808.455,1502.27
10460,82,3,0.07,927.2007,272.57
10460,36,9,0.0,5515.289999999999,494.44
10461,57,1,0.14,71.7928,11.79
10462,28,7,0.03,4237.7748,1597.25
10462,74,3,0.13,2416.8078,151.98
10462,34,6,0.1,1999.3500000000001,489.22
10463,20,6,0.07,2438.1809999999996,138.38
10464,3,8,0.12,1974.6496,213.68
10465,27,6,0.14,933.5472,347.72
10466,11,9,0.02,535.6385999999999,123.63
10466,19,6,0.08,3371.0640000000003,836.52
10466,30,5,0.15,2170.8575,266.41
10466,49,2,0.16,481.16880000000003,160.46
10467,38,1,0.03,128.3116,50.37
10467,99,3,0.11,823.5081,242.36
10468,12,7,0.08,5393.693200000001,1395.58
10468,50,1,0.23,578.1853,148.7
10468,77,5,0.22,1423.305,94.99
10469,23,7,0.15,3107.9230000000002,642.76
10469,32,6,0.02,1236.27,139.65
10469,96,5,0.13,2865.345,831.45
10469,19,4,0.2,1954.2400000000002,775.45
10470,96,4,0.06,2476.712,767.71
10471,92,9,0.15,653.31,191.14
10471,92,4,0.1,307.44000000000005,92.88
10471,13,7,0.05,1475.1029999999998,216.01
10471,70,5,0.02,2811.9629999999997,1050.98
10472,38,2,0.09,240.74960000000002,51.23
10472,91,9,0.11,1344.7188,293.93
10472,96,1,0.2,526.96,174.57
10473,23,3,0.05,1488.6689999999999,238.93
10474,49,2,0.01,567.0918,157.05
10474,39,6,0.14,1687.5780000000002,535.89
10474,70,9,0.22,4028.5674,968.06
10474,48,8,0.07,465.4464,44.02
10475,29,5,0.09,641.7775,99.98
10475,66,4,0.16,2096.7744,195.41
10475,37,8,0.19,5077.2744,936.78
10475,70,8,0.12,4040.0448,1384.53
10476,10,5,0.11,2963.3884999999996,654.32
10476,7,6,0.03,3344.2302,539.04
10476,93,3,0.19,306.20430000000005,29.3
10476,59,6,0.05,1934.067,449.86
10477,45,4,0.21,2416.61,561.54
10477,12,7,0.14,5041.9306,1194.22
10477,40,3,0.16,1010.1167999999999,357.97
10478,31,9,0.09,1852.6599,517.45
10478,39,9,0.12,2590.2360000000003,672.06
10479,84,1,0.02,113.95439999999999,29.2
10479,100,4,0.23,148.8564,43.68
10480,27,8,0.18,1186.8352,363.23
10480,68,1,0.08,522.0172,72.83
10480,30,6,0.03,2972.7978000000003,740.96
10480,13,7,0.05,1475.1029999999998,317.13
10481,69,9,0.03,806.4774,97.67
10481,38,9,0.1,1071.468,56.48
10481,30,5,0.16,2145.318,819.46
10482,17,2,0.09,488.9612000000001,33.48
10482,38,3,0.06,373.0296,48.05
10482,86,4,0.18,280.8664,20.82
10482,60,5,0.06,3419.25,373.3
10483,83,5,0.03,3129.6564999999996,1102.67
10483,79,7,0.02,806.7359999999999,111.95
10484,78,7,0.08,3396.8424000000005,753.23
10484,79,5,0.25,441.0,158.44
10484,74,5,0.04,4444.704,1422.42
10485,19,3,0.21,1447.3590000000002,273.38
10485,4,8,0.01,6364.2744,515.54
10485,93,2,0.16,211.6968,78.8
10485,88,3,0.11,2592.8904,537.5
10486,27,7,0.2,1013.1519999999999,237.79
10486,30,9,0.22,3585.7458000000006,796.53
10487,46,7,0.19,5049.475200000001,504.06
10487,37,7,0.04,5265.3216,591.5
10487,68,8,0.1,4085.352,1307.77
10487,56,2,0.22,713.1384,95.79
10488,96,7,0.02,4518.682000000001,1738.33
10489,28,5,0.15,2652.5099999999998,307.14
10490,73,7,0.07,2065.4276999999997,678.12
10490,40,9,0.21,2849.9724,766.99
10490,4,9,0.16,6074.9892,718.88
10490,69,2,0.18,151.5032,10.54
10491,17,9,0.08,2224.5048,496.51
10491,49,8,0.1,2062.152,158.56
10491,67,5,0.11,4341.4645,1018.79
10492,52,3,0.01,1881.1979999999999,124.89
10492,86,4,0.19,277.4412,97.52
10493,11,3,0.1,163.971,8.58
10493,41,3,0.04,2484.8927999999996,865.94
10494,72,8,0.16,5145.1008,415.43
10494,95,2,0.02,209.72,32.68
10494,66,1,0.22,486.7512,62.69
10495,18,9,0.09,4651.3467,1149.88
10495,17,6,0.01,1595.8404,280.72
10495,94,6,0.25,4376.745,283.12
10495,80,5,0.05,3307.52,1142.51
10496,75,1,0.23,619.1339,179.6
10496,57,4,0.22,260.4576,58.97
10497,20,1,0.23,336.4515,66.98
10497,96,1,0.04,632.352,159.26
10497,8,6,0.18,4422.2928,984.71
10498,63,1,0.09,884.9932,312.84
10499,85,5,0.06,4479.147,303.76
10499,63,5,0.11,4327.714,1185.37
10499,45,4,0.21,2416.61,281.12
10499,80,6,0.21,3300.5568000000003,893.7
10500,49,2,0.2,458.2560000000001,38.64
10500,18,7,0.07,3697.2242999999994,966.48
10500,33,1,0.2,91.128,5.12
10501,58,5,0.02,3963.414,588.05
10502,27,6,0.19,879.2712,256.32
10502,64,1,0.1,432.504,54.8
10503,78,8,0.17,3502.3344,616.33
10504,26,3,0.12,1116.5088,398.26
10504,83,9,0.09,5284.9250999999995,805.65
10504,57,4,0.15,283.832,49.13
10505,55,8,0.04,2464.2048,298.65
10505,54,4,0.07,3383.5631999999996,1038.11
10505,85,2,0.09,1734.4782,355.85
10506,61,9,0.19,167.4513,31.44
10506,76,1,0.08,312.83680000000004,39.29
10506,38,7,0.13,805.5852,56.12
10507,61,5,0.03,111.40449999999998,19.3
10507,2,1,0.1,733.6890000000001,105.44
10507,97,1,0.14,388.5394,127.6
10508,15,9,0.21,3794.6781000000005,1171.75
10508,77,5,0.25,1368.5625,475.96
10509,28,9,0.11,4999.2012,302.81
10509,28,9,0.11,4999.2012,313.24
10509,79,3,0.05,335.15999999999997,68.35
10509,74,4,0.06,3481.6848,1043.33
10510,90,4,0.01,3516.0443999999998,976.34
10510,59,8,0.03,2633.0456,742.83
10510,14,8,0.24,3748.0160000000005,1478.17
10510,66,4,0.06,2346.3903999999998,465.91
10511,19,5,0.07,2839.7549999999997,691.0
10511,32,1,0.03,203.9425,21.77
10511,41,3,0.06,2433.1241999999997,457.65
10512,22,3,0.2,498.576,27.44
10512,40,3,0.12,1058.2176,162.34
10513,77,5,0.19,1478.0475000000001,225.63
10514,61,4,0.15,78.098,22.89
10514,17,4,0.23,827.4728000000001,223.09
10514,27,2,0.15,307.56399999999996,30.57
10515,78,2,0.17,875.5836,217.44
10516,23,8,0.08,3844.4224000000004,1486.78
10516,95,1,0.04,102.72,40.11
10516,63,8,0.09,7079.9456,1459.32
10516,11,8,0.12,427.5392,115.13
10517,16,4,0.17,1849.8043999999998,348.6
10517,71,2,0.17,714.9122,187.46
10518,37,6,0.06,4419.1092,1085.79
10518,100,9,0.14,374.07419999999996,36.25
10518,54,9,0.1,7367.436,2166.49
10518,26,6,0.19,2055.3912,272.66
10519,59,3,0.05,967.0335,174.14
10519,87,1,0.09,311.4566,48.93
10520,12,4,0.1,3015.108,1024.21
10520,51,6,0.16,2015.2440000000001,205.94
10520,20,9,0.08,3617.946,1013.8
10520,16,3,0.05,1587.9344999999996,397.84
10521,36,5,0.02,3002.769,223.72
10521,62,6,0.2,4176.384000000001,1167.2
10522,54,1,0.0,909.56,150.16
10522,81,6,0.21,2924.3904,484.95
10522,4,6,0.04,4628.5632,1327.62
10522,10,6,0.03,3875.7126,1402.28
10523,50,7,0.25,3942.1724999999997,1055.06
10523,78,1,0.24,400.86960000000005,94.35
10523,39,7,0.08,2106.202,688.36
10523,75,5,0.18,3296.6870000000004,953.4
10524,53,3,0.03,1554.0273,441.24
10524,48,2,0.11,111.3568,40.61
10524,46,9,0.25,6011.279999999999,1153.59
10525,69,9,0.02,814.7915999999999,56.69
10525,88,8,0.17,6448.2368,2209.66
10526,79,8,0.22,733.824,45.95
10526,2,6,0.22,3815.1828000000005,1352.76
10527,7,3,0.15,1465.2555,330.91
10527,34,2,0.12,651.64,188.25
10527,58,4,0.23,2491.2888000000003,799.04
10527,94,1,0.01,962.8839,372.5
10528,37,3,0.01,2327.0841,354.54
10528,44,7,0.01,2179.2771,740.49
10529,63,5,0.22,3792.8280000000004,869.17
10529,57,1,0.23,64.2796,9.46
10529,62,6,0.2,4176.384000000001,650.64
10530,36,6,0.09,3345.9426,970.82
10531,33,6,0.03,662.9562,237.53
10531,99,4,0.11,1098.0108,169.51
10532,11,6,0.2,291.504,78.27
10532,13,5,0.17,920.5529999999999,323.79
10532,41,1,0.23,664.3637,161.17
10533,6,8,0.08,1008.5408000000001,335.52
10533,16,4,0.11,1983.5251999999998,424.55
10534,46,1,0.01,881.6543999999999,184.21
10534,99,5,0.17,1279.9845,81.19
10534,43,5,0.03,2428.2495,526.21
10534,93,6,0.03,733.3782,286.92
10535,87,9,0.0,3080.34,336.25
10535,45,1,0.04,734.16,269.11
10535,97,6,0.11,2412.5586000000003,561.36
10535,24,6,0.07,4031.3825999999995,1286.91
10536,49,9,0.02,2526.1362,675.49
10537,58,7,0.14,4869.3372,1935.37
10537,37,9,0.03,6840.216899999999,1588.29
10537,65,7,0.17,2864.0395,772.97
10537,43,6,0.22,2343.1356,256.85
10538,25,8,0.15,2588.352,305.68
10538,10,1,0.04,639.2927999999999,205.58
10538,27,5,0.02,886.5079999999999,268.3
10538,26,8,0.02,3315.6928000000003,569.96
10539,56,8,0.06,3437.6928,874.43
10539,8,8,0.06,6759.2768,2078.45
10539,85,3,0.13,2487.3561,270.16
10540,65,8,0.15,3352.06,1080.93
10540,25,6,0.21,1804.2336000000003,536.21
10540,50,9,0.07,6284.9493,2422.24
10540,30,6,0.05,2911.503,1156.59
10541,99,8,0.03,2393.4168,653.01
10541,80,7,0.11,4338.073600000001,1085.29
10541,68,9,0.02,5004.556199999999,1283.04
10542,59,1,0.13,295.1997,70.87
10542,76,8,0.08,2502.6944000000003,815.55
10543,35,7,0.02,5968.6116,2097.1
10544,89,3,0.05,1169.6115,428.43
10545,36,6,0.02,3603.3227999999995,1325.25
10545,24,9,0.14,5591.9178,1039.47
10546,81,1,0.06,579.9424,44.94
10546,75,8,0.04,6175.2576,519.64
10547,58,1,0.1,727.974,82.76
10548,98,1,0.22,673.5924000000001,188.34
10549,13,6,0.05,1264.374,305.18
10549,59,4,0.22,1058.6472,285.76
10550,78,7,0.0,3692.2200000000003,758.91
10550,73,6,0.16,1599.0407999999998,460.56
10551,5,8,0.23,3913.5712000000003,737.96
10551,93,5,0.2,504.0400000000001,43.52
10552,37,4,0.17,2601.3196,621.72
10552,5,8,0.21,4015.2224000000006,281.63
10552,95,9,0.13,837.81,299.89
10553,53,4,0.01,2114.7588,488.11
10553,96,8,0.14,4531.856000000001,1644.72
10553,72,8,0.22,4777.5936,628.31
10554,87,4,0.17,1136.3031999999998,188.07
10554,86,9,0.19,624.2427,55.42
10554,84,4,0.15,395.352,88.56
10554,7,5,0.08,2643.206,360.06
10555,14,9,0.21,4382.9595,924.05
10556,70,5,0.0,2869.35,149.75
10556,78,6,0.21,2500.1604,162.87
10557,56,8,0.18,2998.8384,664.46
10557,91,1,0.1,151.092,16.41
10557,15,5,0.21,2108.1545,778.37
10557,6,3,0.23,316.5393,123.19
10558,33,4,0.23,350.8428,34.25
10559,2,3,0.06,2298.8922,242.43
10559,43,1,0.02,490.6566,140.8
10559,53,1,0.21,421.8837,75.71
10559,11,6,0.15,309.723,117.36
10560,49,4,0.2,916.5120000000002,148.49
10560,8,7,0.21,4970.5852,1155.92
10561,75,8,0.03,6239.5832,2178.9
10561,55,9,0.08,2656.7208000000005,461.64
10562,51,9,0.12,3166.812,741.86
10562,6,1,0.23,105.51310000000001,36.09
10563,39,4,0.05,1242.79,158.82
10564,97,2,0.13,786.1146,297.53
10564,29,5,0.08,648.83,179.15
10565,45,5,0.13,3326.6625,220.75
10565,45,4,0.19,2477.79,771.1
10565,61,6,0.24,104.7432,29.16
10566,17,3,0.1,725.3820000000001,170.54
10566,44,7,0.24,1672.9804,664.83
10566,77,1,0.01,361.3005,133.81
10566,22,5,0.23,799.7990000000001,147.17
10567,21,5,0.06,3010.773,366.73
10567,39,4,0.18,1072.7240000000002,242.82
10567,62,4,0.0,3480.32,747.84
10567,25,6,0.06,2146.8096,827.91
10568,88,1,0.07,903.1415999999999,48.22
10568,87,7,0.08,2204.1544,527.15
10568,12,4,0.04,3216.1151999999997,517.35
10569,32,6,0.02,1236.27,248.32
10569,92,2,0.15,145.18,12.14
10569,87,8,0.02,2683.3183999999997,577.31
10570,87,7,0.23,1844.7813999999998,614.53
10570,5,5,0.11,2827.1740000000004,356.55
10571,92,7,0.17,496.17400000000004,102.37
10571,73,1,0.1,285.543,37.17
10572,19,7,0.24,3248.9240000000004,742.45
10573,73,7,0.14,1909.9653999999998,220.28
10574,62,3,0.11,2323.1136,470.93
10574,30,9,0.22,3585.7458000000006,810.85
10574,6,5,0.17,568.6745,70.8
10574,16,6,0.1,3008.718,730.5
10575,71,4,0.03,1670.9996,480.33
10575,5,9,0.18,4688.6616,1347.89
10575,24,9,0.15,5526.8955000000005,1374.0
10575,95,8,0.2,684.8000000000001,132.16
10576,12,9,0.14,6482.4821999999995,406.97
10576,73,6,0.12,1675.1856,111.42
10576,85,5,0.18,3907.3410000000003,1081.16
10577,76,6,0.06,1917.8256000000001,539.94
10578,46,9,0.17,6652.483199999999,870.34
10578,29,6,0.23,651.6510000000001,90.61
10579,28,7,0.1,3931.956,1377.41
10579,18,3,0.02,1669.7142,651.97
10579,59,1,0.07,315.5583,91.43
10580,84,9,0.13,910.4724,85.88
10580,63,7,0.19,5514.1884,1045.59
10581,63,8,0.13,6768.7392,422.74
10581,36,9,0.04,5294.678399999999,1716.15
10582,71,2,0.05,818.273,300.72
10582,16,4,0.21,1760.6571999999999,258.09
10583,7,5,0.21,2269.7095000000004,419.09
10584,26,6,0.02,2486.7696,903.09
10584,87,5,0.14,1471.7179999999998,464.59
10584,95,1,0.11,95.23,28.1
10584,67,3,0.07,2721.9518999999996,424.47
10585,33,6,0.12,601.4448,157.47
10586,41,8,0.03,6695.405599999999,2374.52
10586,8,7,0.06,5914.3672,1477.83
10587,8,6,0.23,4152.6408,593.81
10587,65,4,0.11,1754.902,451.6
10587,78,2,0.03,1023.2724000000001,270.84
10587,39,6,0.03,1903.431,747.0
10588,49,4,0.09,1042.5324,274.08
10588,33,1,0.12,100.2408,31.85
10588,67,2,0.1,1756.098,568.95
10589,86,4,0.21,270.5908,50.56
10589,48,9,0.13,489.84479999999996,97.13
10589,57,3,0.07,232.90919999999997,53.66
10590,22,9,0.07,1738.7838,190.16
10590,74,9,0.0,8333.82,1990.67
10590,37,2,0.17,1300.6598,282.78
10590,70,3,0.12,1515.0168,367.67
10591,1,9,0.0,8918.460000000001,1040.24
10591,52,5,0.24,2406.92,913.52
10592,15,6,0.03,3106.1922,417.67
10593,99,7,0.22,1684.0278000000003,506.99
10593,20,3,0.15,1114.2224999999999,105.61
10593,79,6,0.15,599.7599999999999,71.38
10593,57,9,0.24,571.0032,82.33
10594,8,3,0.11,2399.9028,194.29
10594,39,7,0.23,1762.7995,645.87
10594,17,1,0.22,209.55480000000003,25.58
10595,100,6,0.15,246.483,48.78
10596,8,3,0.2,2157.216,243.04
10596,40,1,0.08,368.7728,49.26
10596,55,2,0.15,545.462,100.28
10596,54,6,0.16,4584.1824,858.25
10597,93,6,0.09,688.0146000000001,189.65
10598,92,3,0.18,210.08400000000006,50.95
10598,95,7,0.16,629.16,170.02
10598,53,5,0.01,2643.4484999999995,1050.18
10599,70,3,0.04,1652.7456,505.4
10599,8,6,0.14,4638.0144,1305.31
10599,12,3,0.2,2010.0720000000001,124.15
10599,74,6,0.17,4611.3804,1402.08
10600,20,5,0.08,2009.97,802.0
10600,54,6,0.08,5020.7712,570.48
10600,57,5,0.02,409.052,85.5
10600,88,1,0.0,971.12,65.08
10601,45,1,0.08,703.57,195.82
10601,35,7,0.07,5664.0905999999995,465.19
10601,39,3,0.1,883.0350000000001,226.39
10601,53,6,0.11,2851.7201999999997,807.38
10602,75,7,0.21,4446.507100000001,1473.5
10602,2,2,0.16,1369.5528,99.54
10603,95,5,0.24,406.6,67.29
10603,91,1,0.03,162.84359999999998,63.04
10604,94,8,0.16,6535.9392,1525.93
10604,93,5,0.1,567.0450000000001,115.32
10605,38,5,0.14,568.804,78.43
10605,79,1,0.16,98.78399999999999,26.13
10605,99,5,0.06,1449.621,254.74
10606,41,7,0.16,5073.3228,1912.05
10607,91,5,0.23,646.338,155.5
10607,38,4,0.25,396.84000000000003,100.37
10607,62,1,0.02,852.6784,225.25
10607,9,9,0.24,2080.1808,361.41
10608,75,9,0.07,6730.0659,583.45
10608,7,7,0.15,3418.9294999999997,325.54
10608,10,8,0.18,4368.5008,780.6
10609,71,8,0.23,2652.9272,633.67
10609,74,3,0.1,2500.146,375.77
10609,20,2,0.17,725.337,202.88
10610,7,8,0.22,3585.5664,1093.23
10610,83,3,0.05,1839.0765,703.33
10611,12,4,0.1,3015.108,214.36
10611,93,6,0.21,597.2874,35.16
10611,33,7,0.17,661.8171,54.75
10612,37,4,0.06,2946.0728,756.65
10612,31,9,0.13,1771.2243,475.81
10612,27,5,0.01,895.5539999999999,111.33
10613,68,2,0.14,975.9451999999999,225.84
10613,98,9,0.02,7616.7756,2922.93
10613,52,5,0.2,2533.6000000000004,771.77
10614,7,9,0.16,4344.0516,855.32
10614,98,2,0.08,1588.9872000000003,562.57
10614,34,4,0.02,1451.3799999999999,460.18
10615,87,7,0.24,1820.8231999999998,190.63
10616,20,9,0.04,3775.2479999999996,879.49
10616,47,5,0.15,2320.84,354.09
10617,69,9,0.08,764.9064,68.69
10617,52,5,0.01,3135.33,713.34
10617,95,7,0.11,666.61,37.2
10617,72,4,0.14,2633.8016,974.7
10618,42,8,0.09,4885.6808,818.87
10618,14,3,0.24,1405.506,443.28
10618,80,6,0.16,3509.4528,483.2
10619,37,1,0.01,775.6947,245.5
10620,65,4,0.06,1853.492,324.88
10620,85,9,0.06,8062.464599999999,2792.18
10620,68,3,0.02,1668.1854,518.98
10620,89,4,0.2,1313.248,521.67
10621,82,9,0.04,2871.3311999999996,443.3
10621,88,4,0.19,3146.4288,600.34
10622,43,2,0.04,961.2864,361.08
10623,9,1,0.24,231.1312,54.76
10624,66,2,0.2,998.4639999999999,209.31
10624,6,7,0.01,949.6179000000001,52.18
10624,16,9,0.11,4462.9317,1565.83
10624,63,3,0.01,2888.3844,407.61
10625,78,9,0.21,3750.2406000000005,1360.27
10625,71,4,0.22,1343.6904000000002,105.98
10626,67,5,0.09,4439.025500000001,1368.85
10626,30,4,0.15,1736.686,193.32
10626,75,5,0.1,3618.3150000000005,1015.37
10627,89,9,0.06,3471.8994,1164.46
10627,49,8,0.01,2268.3672,404.29
10628,8,6,0.05,5123.388,524.44
10628,49,9,0.24,1959.0444,202.57
10628,40,2,0.14,689.4448,226.64
10629,73,7,0.23,1710.0853,185.58
10629,56,2,0.17,758.8524,133.35
10630,97,6,0.17,2249.9142,119.61
10630,6,2,0.03,265.8382,37.64
10630,51,8,0.06,3006.872,1011.71
10631,42,4,0.23,2067.0188000000003,824.66
10631,65,1,0.01,488.02049999999997,133.62
10632,55,8,0.22,2002.1664,212.61
10632,33,4,0.15,387.294,150.5
10633,48,4,0.04,240.2304,43.28
10634,54,2,0.09,1655.3992,651.68
10634,1,6,0.19,4815.968400000001,333.05
10634,27,5,0.2,723.68,47.93
10635,8,2,0.05,1707.796,552.37
10635,20,6,0.04,2516.832,391.55
10635,17,5,0.13,1168.671,313.12
10635,41,5,0.24,3278.6779999999994,1033.86
10636,73,4,0.17,1053.3364,257.27
10637,37,2,0.24,1190.9656,77.22
10637,59,2,0.03,658.2614,148.34
10638,17,9,0.04,2321.2224,419.62
10638,13,6,0.08,1224.4464,83.53
10638,11,1,0.08,55.8716,16.73
10639,30,8,0.15,3473.372,215.18
10639,4,3,0.21,1904.4609,574.19
10640,92,9,0.2,614.8800000000001,115.67
10640,50,6,0.13,3919.6458000000002,1372.54
10640,93,3,0.14,325.10580000000004,104.48
10641,97,5,0.07,2100.8235,794.56
10642,14,1,0.21,486.99550000000005,82.33
10642,41,2,0.1,1553.058,555.83
10643,22,7,0.15,1236.053,86.24
10643,31,1,0.01,223.9479,21.36
10643,31,2,0.24,343.8392,64.68
10644,23,9,0.06,4418.9964,1379.32
10645,23,5,0.14,2246.0620000000004,400.37
10645,48,6,0.09,341.5776,40.82
10645,39,1,0.13,284.5335,72.33
10645,69,2,0.03,179.2172,55.51
10646,83,2,0.24,980.8408,199.68
10646,88,7,0.1,6118.0560000000005,2234.88
10646,21,7,0.13,3901.1931,1401.48
10646,8,4,0.05,3415.592,470.54
10647,87,5,0.22,1334.814,287.93
10647,46,9,0.18,6572.3328,817.37
10648,81,6,0.08,3405.6192000000005,1284.03
10649,28,7,0.12,3844.5792,834.48
10649,72,8,0.15,5206.352,456.44
10649,71,7,0.23,2321.3113000000003,821.08
10649,51,6,0.13,2087.217,813.86
10650,82,8,0.13,2313.0168,778.59
10650,50,6,0.02,4415.2332,905.38
10650,77,4,0.03,1416.0059999999999,232.94
10650,16,5,0.03,2702.2745,897.25
10651,99,5,0.03,1495.8855,327.54
10652,29,3,0.11,376.60350000000005,86.6
10652,25,8,0.13,2649.2544,636.77
10653,11,9,0.21,431.79029999999995,90.3
10653,23,8,0.16,3510.1248,341.36
10653,44,4,0.22,981.1464000000001,112.47
10654,62,1,0.1,783.072,243.58
10654,82,5,0.1,1495.485,214.9
10655,90,3,0.16,2237.4827999999998,401.95
10655,51,5,0.17,1659.3774999999998,432.39
10655,97,8,0.04,3469.7472000000002,621.22
10656,61,8,0.21,145.1704,37.07
10656,31,3,0.06,637.9122,36.14
10656,84,4,0.19,376.7472,33.22
10657,19,5,0.05,2900.825,564.93
10657,60,2,0.08,1338.6000000000001,294.37
10658,98,5,0.25,3238.425,257.29
10658,78,7,0.17,3064.5426,741.78
10659,71,3,0.05,1227.4095,394.49
10659,87,8,0.1,2464.272,467.31
10659,75,3,0.13,2098.6227,768.88
10660,61,9,0.17,171.58589999999998,55.75
10660,48,6,0.17,311.54879999999997,44.28
10660,61,2,0.12,40.4272,13.23
10661,39,5,0.15,1389.9624999999999,264.94
10662,22,9,0.18,1533.1212000000003,184.99
10662,11,3,0.19,147.5739,51.06
10662,20,5,0.03,2119.2075,725.9
10662,78,9,0.17,3940.1262,462.68
10663,99,1,0.22,240.5754,42.28
10663,90,4,0.03,3445.0132,1339.53
10663,6,3,0.09,374.09190000000007,104.67
10664,30,9,0.07,4275.3123000000005,698.58
10665,69,7,0.22,504.3948,166.74
10665,78,1,0.11,469.43940000000003,88.14
10666,89,3,0.06,1157.2998,231.48
10666,97,5,0.21,1784.5705000000003,620.74
10667,75,4,0.05,3055.466,331.42
10667,57,3,0.16,210.3696,56.82
10668,44,2,0.02,616.3612,153.96
10668,1,3,0.01,2943.0918,1024.3
10668,76,1,0.21,268.63160000000005,71.36
10668,21,1,0.1,576.5310000000001,156.11
10669,48,2,0.14,107.6032,36.16
10669,24,3,0.18,1777.2762,602.54
10669,98,3,0.06,2435.2956,424.11
10670,22,2,0.22,324.0744,67.17
10671,69,7,0.17,536.7278,208.62
10671,23,7,0.03,3546.6886,457.01
10672,47,5,0.11,2430.056,856.32
10672,51,9,0.09,3274.7715000000003,436.47
10672,38,9,0.24,904.7952,100.37
10672,19,6,0.2,2931.3600000000006,729.65
10673,17,1,0.16,225.67440000000002,68.5
10674,79,7,0.2,658.56,196.59
10675,53,2,0.11,950.5734,96.64
10675,71,4,0.06,1619.3192,577.25
10676,41,9,0.14,6678.149399999999,2394.09
10676,14,8,0.17,4093.228,999.51
10676,90,3,0.17,2210.8460999999998,549.76
10677,17,9,0.05,2297.043,910.17
10677,93,5,0.03,611.1485,36.09
10677,100,8,0.08,355.7088,38.34
10677,34,2,0.08,681.26,248.88
10678,45,4,0.02,2997.82,1121.06
10678,69,4,0.0,369.52,71.0
10678,28,4,0.01,2471.5152,494.88
10679,89,8,0.11,2921.9768,480.75
10680,68,6,0.12,2995.9248000000002,613.59
10680,39,5,0.21,1291.8475,228.61
10680,53,5,0.17,2216.2245,223.47
10680,100,5,0.12,212.652,12.84
10681,98,4,0.19,2797.9992,921.29
10682,6,1,0.03,132.9191,27.3
10682,43,6,0.23,2313.0954,900.24
10683,53,5,0.23,2056.0155,348.18
10684,51,3,0.09,1091.5905000000002,393.45
10684,92,2,0.24,129.80800000000002,6.88
10685,15,4,0.06,2006.7496,283.49
10685,14,3,0.05,1756.8825,140.46
10686,86,8,0.14,589.1343999999999,172.23
10686,4,3,0.0,2410.71,796.08
10686,80,2,0.16,1169.8176,95.15
10687,88,3,0.14,2505.4896,171.88
10688,57,7,0.1,525.924,167.76
10689,33,5,0.1,512.595,39.23
10689,54,1,0.16,764.0303999999999,292.89
10689,26,8,0.18,2774.3552000000004,151.35
10689,62,6,0.01,5168.2752,872.98
10690,63,2,0.1,1750.536,424.11
10690,8,4,0.2,2876.2880000000005,591.19
10690,37,3,0.12,2068.5192,450.21
10690,23,1,0.08,480.55280000000005,164.16
10691,4,8,0.25,4821.42,1370.34
10691,87,2,0.25,513.39,81.17
10691,10,4,0.01,2637.0827999999997,726.56
10692,34,8,0.01,2932.38,712.34
10692,55,5,0.12,1411.784,480.11
10693,68,5,0.09,2581.7155,416.43
10693,9,8,0.15,2068.016,195.22
10693,88,8,0.23,5982.099200000001,1499.74
10693,4,7,0.09,5118.740900000001,1238.56
10694,62,8,0.13,6055.7568,1884.16
10695,24,2,0.18,1184.8508000000002,180.77
10695,13,3,0.23,512.4042000000001,173.6
10695,15,2,0.02,1046.0716,229.57
10696,83,2,0.02,1264.7684,427.28
10696,46,3,0.24,2030.4768,141.58
10697,85,9,0.21,6775.9011,935.22
10697,93,8,0.08,927.4336000000001,154.15
10697,11,8,0.04,466.40639999999996,104.76
10698,39,1,0.24,248.55800000000002,58.9
10698,86,1,0.18,70.2166,26.71
10698,37,4,0.06,2946.0728,1043.67
10698,8,6,0.05,5123.388,1876.54
10699,94,7,0.1,6127.443,2100.78
10699,87,3,0.22,800.8884,151.22
10699,55,4,0.19,1039.5864000000001,348.12
10699,19,8,0.11,4348.184,733.92
10700,70,1,0.11,510.7443,175.29
10700,90,9,0.15,6792.3585,787.23
10701,70,2,0.13,998.5338,277.63
10701,23,6,0.02,3071.3592,1135.74
10701,13,8,0.01,1756.8144,472.06
10702,62,5,0.05,4132.88,1566.29
10703,40,7,0.25,2104.41,285.55
10703,5,6,0.02,3735.6816,1464.74
10703,87,4,0.19,1108.9224000000002,391.69
10703,13,6,0.01,1317.6108000000002,155.56
10704,19,6,0.01,3627.5580000000004,1421.94
10704,34,8,0.01,2932.38,331.83
10705,18,9,0.14,4395.7782,848.64
10705,44,5,0.23,1210.7095000000002,390.58
10705,6,1,0.11,121.9567,25.36
10705,61,1,0.18,18.8354,3.8
10706,19,2,0.18,1001.5480000000001,330.51
10706,46,5,0.17,3695.823999999999,274.59
10706,11,2,0.15,103.24099999999999,6.98
10706,80,2,0.14,1197.6704,467.19
10707,23,4,0.01,2068.4664000000002,754.39
10707,50,5,0.05,3566.7274999999995,336.07
10707,55,1,0.22,250.2708,57.96
10708,92,9,0.08,707.1120000000001,196.24
10708,50,5,0.09,3416.5495,508.37
10708,62,2,0.21,1374.7264000000002,443.13
10708,88,7,0.24,5166.3584,1342.58
10709,98,5,0.14,3713.3940000000002,1062.26
10709,98,2,0.18,1416.2712000000001,322.31
10709,95,8,0.12,753.28,161.65
10710,62,5,0.19,3523.8240000000005,754.05
10710,12,7,0.2,4690.168000000001,1727.97
10710,64,1,0.22,374.83680000000004,111.1
10710,82,5,0.02,1628.417,152.21
10711,68,5,0.19,2298.0105,240.74
10712,37,6,0.24,3572.8968000000004,693.55
10712,80,6,0.19,3384.1152,1112.27
10712,63,7,0.04,6535.334399999999,490.61
10713,46,1,0.12,783.6927999999999,274.37
10713,14,5,0.24,2342.51,463.34
10714,100,9,0.03,421.92089999999996,70.99
10714,66,7,0.15,3713.0379999999996,377.04
10714,9,3,0.19,739.0116,286.97
10715,62,4,0.07,3236.6976,230.35
10715,42,6,0.09,3664.2606,821.6
10715,76,4,0.05,1292.152,106.14
10716,36,7,0.22,3345.9426000000003,560.82
10716,66,2,0.02,1223.1183999999998,414.72
10717,32,8,0.19,1362.42,196.62
10717,8,2,0.17,1492.0744,246.33
10718,42,4,0.2,2147.552,238.75
10719,77,6,0.17,1817.4509999999998,459.11
10720,16,8,0.22,3476.7408,1260.77
10721,45,5,0.13,3326.6625,984.94
10722,58,7,0.15,4812.717000000001,1012.02
10722,55,4,0.04,1232.1024,180.1
10723,22,2,0.04,398.8608,113.5
10723,67,8,0.1,7024.392,1473.87
10724,86,1,0.05,81.34849999999999,27.38
10724,44,2,0.05,597.493,98.08
10724,32,9,0.09,1721.9475,464.68
10725,53,6,0.21,2531.3022,628.57
10726,85,9,0.23,6604.3593,2437.7
10726,18,8,0.03,4407.136799999999,1472.11
10727,21,1,0.14,550.9074,129.4
10727,3,7,0.12,1727.8184,586.21
10728,25,4,0.05,1446.4319999999998,350.79
10728,37,7,0.01,5429.8629,777.29
10729,79,8,0.21,743.232,228.2
10729,26,9,0.17,3159.2124,615.08
10729,14,1,0.04,591.792,196.09
10730,22,9,0.12,1645.3008,324.88
10730,73,3,0.17,790.0022999999999,213.64
10730,7,8,0.12,4045.2544000000003,339.53
10731,51,9,0.08,3310.7580000000003,1095.0
10731,74,9,0.01,8250.4818,2358.2
10731,5,1,0.08,584.4944,170.38
10731,36,2,0.2,980.496,49.43
10732,8,2,0.11,1599.9352000000001,100.96
10732,71,3,0.24,981.9276,338.52
10733,74,1,0.18,759.3036000000001,229.39
10733,21,9,0.21,4554.594900000001,556.32
10734,48,4,0.08,230.22080000000003,57.24
10734,91,5,0.24,637.944,177.36
10735,64,1,0.24,365.2256,135.75
10735,73,7,0.14,1909.9653999999998,160.06
10735,94,7,0.11,6059.3603,1933.44
10735,45,9,0.03,6676.2675,1154.9
10736,75,3,0.14,2074.5006,266.17
10736,96,6,0.03,3833.634,960.68
10736,90,2,0.12,1562.6864,580.1
10736,34,1,0.25,277.6875,74.61
10737,96,5,0.21,2601.8650000000002,939.11
10737,83,9,0.13,5052.6206999999995,1841.13
10737,48,2,0.02,122.6176,19.52
10737,61,8,0.09,167.2216,56.38
10738,54,2,0.24,1382.5312,152.5
10738,73,9,0.17,2370.0069,472.29
10739,100,9,0.18,356.6754,142.66
10740,78,3,0.02,1550.7324,604.51
10741,97,2,0.09,822.2578000000001,314.5
10741,76,7,0.23,1832.8156000000001,682.32
10741,2,9,0.15,6236.3565,1118.27
10742,58,6,0.05,4610.5019999999995,1543.16
10743,48,1,0.23,48.171200000000006,14.94
10744,28,1,0.22,486.8136,119.68
10745,67,6,0.14,5034.1476,524.39
10745,50,8,0.02,5886.9776,1193.45
10745,68,4,0.15,1929.1939999999997,598.47
10745,84,3,0.04,334.88640000000004,43.72
10746,38,1,0.22,103.17840000000001,27.74
10747,8,4,0.05,3415.592,704.56
10747,26,3,0.11,1129.1964,345.33
10747,16,2,0.24,846.8983999999999,134.55
10747,21,1,0.12,563.7192,121.41
10748,66,3,0.05,1778.514,681.95
10748,59,2,0.13,590.3994,102.23
10748,68,6,0.06,3200.1924,452.05
10749,63,3,0.19,2363.2236000000003,320.21
10750,49,5,0.21,1131.3195000000003,450.39
10750,26,8,0.09,3078.8576000000003,762.11
10751,60,9,0.2,5238.0,2022.24
10751,4,3,0.02,2362.4958,365.66
10751,31,3,0.11,603.9807,96.45
10752,82,1,0.04,319.03679999999997,45.12
10753,44,7,0.24,1672.9804,395.55
10753,75,7,0.2,4502.792,552.59
10754,85,5,0.19,3859.6905000000006,1521.52
10755,47,9,0.08,4521.5424,1435.52
10755,50,1,0.09,683.3099,174.07
10756,82,5,0.08,1528.7179999999998,584.19
10756,90,4,0.13,3089.8572,181.49
10756,26,9,0.14,3273.4008000000003,354.6
10757,83,7,0.04,4336.3488,1209.28
10758,26,2,0.0,845.84,295.25
10759,53,8,0.02,4186.7952,1589.97
10759,16,3,0.24,1270.3475999999998,489.72
10759,20,6,0.02,2569.2659999999996,554.08
10759,56,4,0.01,1810.2744,290.0
10760,6,9,0.23,949.6179,108.01
10760,59,2,0.17,563.2546,100.12
10760,60,3,0.13,1898.775,545.85
10760,81,7,0.05,4102.784,1079.63
10761,80,5,0.19,2820.0960000000005,690.79
10761,19,6,0.21,2894.7180000000003,689.45
10761,68,3,0.22,1327.7394000000002,191.09
10761,20,5,0.07,2031.8174999999999,300.41
10762,24,2,0.09,1314.8954,421.19
10762,21,3,0.12,1691.1576,628.57
10763,88,1,0.04,932.2751999999999,266.02
10763,9,7,0.19,1724.3604000000003,647.44
10764,55,2,0.13,558.2964000000001,168.67
10764,45,7,0.09,4871.4575,1142.35
10765,68,9,0.01,5055.6231,1081.21
10765,13,2,0.05,421.45799999999997,164.11
10766,70,7,0.14,3454.6974,910.23
10766,29,1,0.03,136.8185,13.57
10766,30,3,0.19,1241.2197,493.59
10767,46,3,0.03,2591.5296,710.16
10767,16,1,0.21,440.16429999999997,129.95
10767,89,6,0.02,2413.0932000000003,302.46
10768,63,3,0.11,2596.6284,244.14
10768,39,5,0.17,1357.2575,152.37
10768,59,1,0.12,298.5928,16.78
10768,35,6,0.17,4332.8988,1173.49
10769,38,4,0.22,412.71360000000004,135.11
10770,37,7,0.06,5155.627399999999,959.83
10771,9,7,0.09,1937.2444000000003,598.8
10771,59,5,0.07,1577.7914999999998,246.12
10771,28,7,0.0,4368.84,348.69
10772,81,1,0.13,536.7552000000001,134.25
10772,57,7,0.08,537.6112,94.37
10772,15,4,0.04,2049.4464000000003,524.59
10773,44,3,0.03,915.1077,365.29
10774,29,9,0.07,1180.5885,355.81
10775,43,9,0.13,3920.2461,714.42
10776,52,2,0.23,975.436,323.45
10776,99,8,0.13,2146.6728,449.06
10776,57,2,0.18,136.90720000000002,11.73
10776,41,7,0.25,4529.7525000000005,1695.8
10777,90,2,0.14,1527.1707999999999,283.93
10778,91,5,0.08,772.248,94.76
10778,68,2,0.04,1089.4271999999999,281.75
10778,31,9,0.12,1791.5832,296.36
10779,80,5,0.12,3063.8080000000004,730.27
10779,8,2,0.25,1348.26,399.97
10779,2,5,0.01,4035.2895000000003,216.92
10780,8,2,0.17,1492.0744,385.29
10781,36,1,0.22,477.99179999999996,130.18
10781,67,4,0.2,3121.952,189.32
10782,64,1,0.19,389.2536,116.38
10782,32,4,0.23,647.57,61.02
10783,88,9,0.01,8652.6792,1134.08
10783,85,6,0.12,5031.8928,739.52
10783,60,6,0.06,4103.099999999999,531.86
10784,52,2,0.14,1089.4479999999999,74.41
10784,45,2,0.05,1453.0249999999999,450.26
10784,55,4,0.02,1257.7712000000001,250.6
10784,33,8,0.25,683.46,180.26
10785,67,2,0.05,1853.6589999999999,157.39
10786,82,2,0.04,638.0735999999999,116.96
10786,62,9,0.02,7674.1056,2490.11
10786,65,4,0.08,1814.056,442.95
10786,32,7,0.12,1295.14,241.05
10787,12,1,0.19,678.3993,136.34
10787,37,3,0.02,2303.5782,700.23
10788,92,8,0.24,519.2320000000001,29.75
10788,77,4,0.14,1255.4279999999999,293.13
10788,77,1,0.02,357.651,39.6
10789,86,5,0.04,411.02399999999994,32.45
10789,22,2,0.19,336.53880000000004,124.9
10789,55,9,0.09,2627.8434,313.53
10789,20,2,0.15,742.8149999999999,44.42
10790,39,2,0.2,523.2800000000001,39.7
10790,83,1,0.2,516.232,193.03
10790,27,5,0.01,895.5539999999999,167.73
10790,11,9,0.25,409.92749999999995,140.79
10791,35,2,0.13,1513.9044,299.33
10792,8,6,0.05,5123.388,1824.72
10792,71,9,0.04,3720.9888,368.27
10792,67,8,0.07,7258.5383999999995,2687.05
10792,88,6,0.16,4894.4448,1696.49
10793,4,8,0.07,5978.5608,2292.5
10793,73,2,0.13,552.0498,157.8
10793,34,9,0.05,3165.6375,496.15
10794,84,8,0.06,874.4255999999999,231.02
10794,31,7,0.08,1456.7924,243.01
10794,54,2,0.2,1455.296,155.31
10794,57,1,0.16,70.1232,9.63
10795,84,1,0.08,106.97760000000001,10.55
10796,38,4,0.04,507.9552,166.41
10797,94,4,0.08,3579.2048000000004,1176.71
10797,64,8,0.06,3613.8111999999996,872.61
10798,48,3,0.17,155.77439999999999,45.21
10799,9,7,0.25,1596.63,579.16
10799,64,5,0.02,2354.744,348.32
10799,55,4,0.1,1155.096,375.03
10799,35,2,0.11,1548.7068,89.3
10800,83,7,0.17,3749.1348999999996,1352.58
10800,79,8,0.17,780.8639999999999,191.51
10801,78,2,0.17,875.5836,80.06
10801,67,6,0.12,5151.2208,654.82
10801,48,9,0.19,456.0624,120.05
10801,23,9,0.23,3619.8162,527.11
10802,18,1,0.06,533.8541999999999,93.38
10803,71,3,0.24,981.9276,212.4
10804,67,9,0.21,6936.5871,543.58
10804,28,8,0.11,4443.7344,1002.3
10804,13,2,0.04,425.89439999999996,68.25
10805,17,1,0.01,265.9734,36.33
10805,96,3,0.22,1541.3580000000002,580.11
10805,19,8,0.06,4592.464,578.11
10806,85,9,0.06,8062.464599999999,612.99
10806,81,3,0.02,1813.8624,646.48
10806,75,5,0.11,3578.1115000000004,337.76
10807,69,2,0.12,162.5888,14.29
10808,60,6,0.18,3579.3,1254.58
10809,65,8,0.12,3470.368,547.1
10809,31,5,0.07,1051.8764999999999,69.33
10810,74,8,0.22,5778.1152,916.34
10810,93,1,0.05,119.7095,34.12
10810,50,3,0.24,1712.0292000000002,557.54
10810,13,3,0.17,552.3318,92.38
10811,7,1,0.1,517.149,77.19
10812,94,3,0.21,2305.0857,757.35
10812,45,9,0.23,5299.7175,1846.23
10813,55,2,0.06,603.2168,70.78
10813,69,2,0.18,151.5032,17.69
10813,17,4,0.22,838.2192000000001,213.46
10813,70,2,0.2,918.192,289.14
10814,74,6,0.1,5000.292,540.75
10814,79,1,0.01,116.42399999999999,43.88
10814,84,2,0.13,202.3272,52.47
10814,54,4,0.19,2946.9744,1165.98
10815,13,1,0.1,199.638,32.12
10815,29,3,0.24,321.59400000000005,114.1
10815,55,4,0.04,1232.1024,344.34
10816,96,8,0.22,4110.2880000000005,904.04
10816,13,5,0.23,854.007,281.81
10816,87,3,0.18,841.9596,210.35
10817,95,1,0.2,85.60000000000001,31.65
10817,43,9,0.13,3920.2461,232.3
10818,9,6,0.0,1824.72,101.43
10819,39,8,0.09,2380.924,198.58
10819,71,1,0.18,353.1494,73.89
10819,67,2,0.01,1931.7078,504.67
10820,72,8,0.25,4593.84,1735.06
10821,35,8,0.09,6334.0368,1044.39
10822,50,9,0.09,6149.7891,1418.12
10823,81,6,0.01,3664.7424,234.1
10823,37,7,0.08,5045.9332,1512.02
10824,3,6,0.2,1346.352,72.66
10825,2,7,0.15,4850.4995,1700.8
10826,51,8,0.24,2431.088,496.76
10827,87,9,0.22,2402.6652000000004,585.75
10827,66,4,0.17,2071.8127999999997,458.38
10828,92,4,0.07,317.688,98.35
10828,36,1,0.09,557.6571,166.82
10829,2,1,0.04,782.6016,220.59
10829,56,8,0.25,2742.84,461.05
10830,95,7,0.13,651.63,34.59
10831,40,1,0.14,344.7224,59.19
10832,43,9,0.12,3965.3064,924.93
10832,77,8,0.08,2686.032,909.18
10832,99,8,0.15,2097.324,119.48
10833,29,7,0.11,878.7415000000001,217.51
10833,2,7,0.23,4393.981900000001,1009.04
10834,24,7,0.24,3843.5404,945.28
10834,30,6,0.25,2298.5550000000003,673.76
10834,20,5,0.1,1966.275,727.89
10834,96,4,0.13,2292.2760000000003,590.91
10835,42,3,0.16,1691.1971999999998,117.98
10835,88,5,0.17,4030.148,991.63
10836,22,5,0.14,893.282,311.15
10836,61,3,0.17,57.195299999999996,9.13
10837,91,2,0.2,268.608,46.36
10837,66,1,0.16,524.1936,161.29
10838,68,6,0.16,2859.7464,366.07
10838,31,4,0.04,868.6464,87.01
10838,4,8,0.06,6042.8464,904.0
10839,47,3,0.08,1507.1808000000003,361.62
10839,81,4,0.02,2418.4832,851.2
10840,53,5,0.1,2403.1349999999998,166.06
10841,90,1,0.06,834.6166,164.1
10841,10,7,0.04,4475.049599999999,414.4
10842,36,2,0.03,1188.8513999999998,373.68
10842,99,8,0.16,2072.6496,728.25
10842,73,2,0.24,482.25039999999996,183.1
10843,30,8,0.02,4004.5936,485.5
10844,49,8,0.07,2130.8904,827.27
10844,34,2,0.21,584.995,231.28
10844,56,2,0.08,841.1376,334.18
10845,37,7,0.2,4387.768,967.63
10845,42,6,0.11,3583.7273999999998,1344.91
10845,36,8,0.23,3774.9096,846.92
10846,79,6,0.06,663.2639999999999,242.24
10846,73,8,0.22,1979.7648,689.9
10846,68,4,0.18,1861.1048,328.65
10847,16,7,0.22,3042.1481999999996,936.11
10847,82,7,0.09,2116.9421,416.89
10848,30,9,0.1,4137.399,501.65
10848,18,6,0.18,2794.2156,705.17
10848,35,2,0.18,1426.8984,438.87
10849,87,2,0.06,643.4487999999999,39.0
10849,60,4,0.22,2269.8,771.76
10850,25,4,0.08,1400.7552,353.66
10850,45,9,0.22,5368.545,1636.58
10850,58,2,0.05,1536.834,254.25
10850,64,5,0.21,1898.2120000000002,663.88
10851,62,4,0.05,3306.304,649.46
10852,10,3,0.03,1937.8563,120.09
10853,6,7,0.09,872.8811000000001,55.58
10853,79,7,0.23,633.8639999999999,173.8
10853,82,4,0.15,1129.922,204.3
10854,20,8,0.0,3495.6,1132.72
10854,47,8,0.21,3451.2256,738.05
10854,74,6,0.21,4389.1452,275.98
10855,92,5,0.24,324.52,39.84
10855,10,4,0.14,2290.7992,293.4
10855,23,3,0.04,1504.3392,294.1
10856,97,2,0.2,722.864,130.03
10856,10,7,0.15,3962.283499999999,449.14
10857,32,6,0.07,1173.195,370.27
10857,45,4,0.09,2783.69,885.86
10858,92,1,0.18,70.028,14.58
10858,43,9,0.01,4460.9697,406.7
10859,35,4,0.24,2644.9824,699.44
10860,100,3,0.06,136.2906,54.05
10860,84,1,0.02,113.95439999999999,10.63
10861,66,9,0.04,5391.705599999999,555.93
10862,81,7,0.16,3627.7248,309.74
10862,59,8,0.16,2280.1632,397.26
10862,71,4,0.21,1360.9172,106.87
10863,89,2,0.09,746.9098,149.28
10863,18,8,0.16,3816.4895999999994,220.54
10863,73,3,0.07,885.1832999999999,271.16
10864,100,2,0.22,75.3948,28.84
10864,51,8,0.16,2686.992,155.67
10864,9,5,0.22,1186.068,287.3
10864,75,8,0.22,5017.3968,1168.78
10865,94,8,0.16,6535.9392,1881.65
10865,86,2,0.09,155.8466,55.64
10866,20,4,0.04,1677.888,236.17
10867,19,5,0.22,2381.73,199.5
10867,92,3,0.1,230.58000000000004,51.0
10867,33,3,0.12,300.7224,29.76
10867,67,7,0.11,6078.050300000001,1463.01
10868,30,3,0.07,1425.1041,493.0
10868,74,6,0.02,5444.7624,487.74
10868,33,1,0.17,94.5453,30.61
10868,24,9,0.09,5917.029300000001,1370.76
10869,46,1,0.11,792.5984,58.54
10870,42,1,0.2,536.888,198.4
10870,33,1,0.2,91.128,21.9
10871,72,2,0.18,1255.6496,492.68
10872,27,2,0.2,289.472,115.14
10872,3,7,0.06,1845.6242,215.16
10873,97,1,0.01,447.2721,60.64
10874,85,4,0.09,3468.9564,890.27
10874,94,8,0.21,6146.8952,1215.41
10874,78,3,0.05,1503.261,531.84
10874,2,8,0.16,5478.2112,508.55
10875,52,2,0.02,1241.464,354.47
10876,87,7,0.15,2036.4469999999997,272.9
10876,93,2,0.13,219.25740000000002,29.76
10877,93,6,0.23,582.1662,105.01
10877,1,1,0.15,842.299,151.74
10878,19,5,0.18,2503.8700000000003,436.21
10879,95,9,0.23,741.51,88.95
10879,25,4,0.03,1476.8832,588.29
10879,49,3,0.12,756.1224,128.81
10880,73,1,0.15,269.67949999999996,17.82
10880,94,9,0.2,7002.792,508.56
10880,94,7,0.16,5718.9468,1234.68
10881,30,3,0.06,1440.4278,410.34
10881,37,3,0.03,2280.0723000000003,184.93
10882,3,5,0.11,1248.1805000000002,229.02
10882,21,5,0.1,2882.655,416.59
10882,9,8,0.08,2238.3232000000003,173.97
10882,68,3,0.23,1310.7171,249.11
10883,1,7,0.01,6867.214199999999,1189.44
10883,18,6,0.13,2964.5946,789.29
10883,67,1,0.16,819.5124,43.44
10884,43,2,0.09,911.2194000000001,333.92
10884,31,1,0.13,196.80270000000002,36.81
10885,86,8,0.22,534.3312,36.43
10885,2,8,0.2,5217.344000000001,799.03
10885,57,3,0.12,220.3872,68.35
10886,92,6,0.06,481.65600000000006,91.93
10887,73,6,0.11,1694.2218,254.26
10887,39,2,0.01,647.559,224.3
10888,67,5,0.02,4780.4890000000005,777.15
10888,48,7,0.17,363.4736,24.75
10888,42,6,0.05,3825.3269999999998,1381.83
10889,33,9,0.04,984.1824,198.12
10889,57,6,0.18,410.7216,102.91
10890,6,9,0.1,1109.943,94.5
10891,89,2,0.08,755.1176,86.32
10891,73,7,0.12,1954.3832,708.97
10891,72,4,0.01,3031.9344,550.27
10891,1,6,0.23,4578.1428000000005,872.25
10892,90,9,0.21,6312.897900000001,2193.49
10893,83,8,0.13,4491.2184,1164.02
10893,70,6,0.01,3408.7878,438.27
10894,10,5,0.07,3096.5744999999993,854.27
10894,73,1,0.07,295.06109999999995,116.1
10894,90,3,0.11,2370.6663000000003,504.21
10894,13,3,0.22,519.0588,73.34
10895,68,3,0.06,1600.0962,365.32
10895,81,3,0.14,1591.7568,520.27
10895,5,3,0.09,1734.4236,437.85
10895,74,8,0.15,6296.664,2436.32
10896,22,3,0.15,529.737,160.84
10897,7,1,0.19,465.43410000000006,181.65
10898,8,2,0.07,1671.8424,265.21
10898,93,8,0.1,907.272,317.74
10898,67,7,0.04,6556.099200000001,856.42
10899,90,7,0.16,5220.793199999999,1508.28
10900,23,7,0.07,3400.4334,856.86
10900,11,4,0.04,233.20319999999998,43.55
10900,14,4,0.13,2145.246,528.06
10901,22,4,0.12,731.2448,218.98
10902,86,7,0.18,491.5162,109.1
10902,80,6,0.1,3760.128,1407.34
10902,84,4,0.04,446.5152,167.74
10903,78,3,0.07,1471.6134,90.71
10903,78,1,0.14,453.61560000000003,96.34
10903,23,1,0.13,454.43580000000003,179.61
10903,23,5,0.18,2141.5940000000005,852.76
10904,31,8,0.13,1574.4216000000001,268.57
10905,49,4,0.12,1008.1632000000001,247.55
10905,57,4,0.21,263.7968,98.09
10905,32,8,0.2,1345.6000000000001,117.59
10905,36,9,0.21,4357.079099999999,858.0
10906,54,9,0.14,7039.994399999999,2114.55
10906,18,6,0.12,2998.6704,1167.47
10906,30,6,0.06,2880.8556,546.45
10906,97,7,0.14,2719.7758000000003,375.58
10907,92,2,0.12,150.304,47.93
10907,24,7,0.06,4753.852599999999,551.86
10907,17,9,0.07,2248.6841999999997,179.43
10907,53,5,0.14,2296.3289999999997,761.92
10908,63,8,0.03,7546.7552,499.07
10908,2,8,0.0,6521.68,344.84
10908,43,3,0.17,1246.6683,415.04
10908,36,2,0.13,1066.2894,96.11
10909,58,3,0.12,2135.3903999999998,505.95
10909,38,5,0.25,496.04999999999995,68.78
10909,13,1,0.24,168.5832,11.96
10910,59,8,0.18,2225.8736000000004,667.7
10911,79,6,0.06,663.2639999999999,214.41
10911,77,6,0.23,1686.069,583.11
10911,87,7,0.13,2084.3633999999997,545.31
10912,64,7,0.13,2926.6104,349.81
10912,61,5,0.13,99.9195,30.48
10913,77,2,0.02,715.302,154.1
10913,55,9,0.18,2367.9468,520.38
10913,25,2,0.08,700.3776,76.41
10913,29,8,0.11,1004.2760000000001,332.75
10914,62,9,0.02,7674.1056,1790.41
10914,46,7,0.05,5922.224,545.49
10915,17,6,0.21,1273.4484,483.38
10915,65,3,0.03,1434.4844999999998,317.97
10916,75,3,0.03,2339.8437,202.11
10916,65,8,0.02,3864.728,1390.05
10917,96,3,0.08,1818.0120000000002,246.09
10918,11,7,0.17,352.84129999999993,70.34
10919,51,9,0.15,3058.8525,471.66
10919,72,6,0.04,4410.0864,1206.83
10919,94,8,0.01,7703.0712,1273.94
10920,81,5,0.22,2406.1440000000002,431.36
10920,23,7,0.1,3290.742,203.25
10920,95,4,0.24,325.28000000000003,85.82
10920,40,6,0.18,1972.1328,166.34
10921,7,5,0.22,2240.9790000000003,479.9
10921,42,2,0.01,1328.7978,505.5
10921,55,5,0.05,1524.085,470.34
10922,82,6,0.14,1714.8228,516.88
10922,92,1,0.07,79.422,5.94
10922,64,5,0.05,2282.66,304.61
10923,83,6,0.02,3794.3052,1008.48
10923,52,8,0.17,4205.776,1339.5
10923,75,3,0.12,2122.7448,588.94
10923,10,1,0.13,579.3590999999999,231.52
10924,90,2,0.11,1580.4442,408.2
10924,81,3,0.24,1406.6688000000001,82.8
10924,84,7,0.2,651.1680000000001,189.99
10925,44,1,0.18,257.8654,80.95
10925,53,5,0.21,2109.4184999999998,777.17
10926,95,9,0.21,760.77,269.63
10926,69,6,0.21,437.8812,24.09
10926,60,8,0.13,5063.4,798.85
10927,45,6,0.14,3946.11,1335.14
10927,95,8,0.23,659.12,201.63
10927,51,5,0.05,1899.2875,548.24
10928,9,2,0.2,486.59200000000004,27.83
10928,86,9,0.17,639.6560999999999,122.0
10928,40,9,0.23,2777.8212,388.14
10929,71,1,0.08,396.2164,95.95
10929,74,7,0.16,5444.7624000000005,1933.89
10929,19,5,0.12,2687.08,835.29
10929,74,2,0.19,1500.0876,322.27
10930,25,9,0.11,3048.9264,855.05
10931,65,1,0.1,443.655,173.64
10931,97,4,0.07,1680.6588,127.64
10931,64,9,0.08,3979.0368000000003,1541.05
10931,21,2,0.03,1242.7446,462.14
10932,16,8,0.12,3922.4768,624.74
10932,30,7,0.18,2931.9346000000005,974.34
10932,88,5,0.22,3787.3680000000004,260.79
10933,32,6,0.12,1110.1200000000001,298.26
10933,56,2,0.1,822.852,105.77
10933,28,2,0.25,936.1800000000001,150.87
10933,69,7,0.03,627.2601999999999,186.29
10934,38,1,0.2,105.82400000000001,17.2
10934,4,6,0.04,4628.5632,1303.89
10934,34,9,0.03,3232.2825,965.37
10935,72,3,0.15,1952.382,267.35
10935,41,7,0.18,4952.5294,766.19
10936,14,7,0.11,3840.4835000000007,922.65
10936,21,4,0.22,1998.6408000000001,233.32
10936,99,2,0.09,561.3426000000001,143.33
10937,19,2,0.08,1123.688,438.28
10937,71,6,0.15,2196.417,480.48
10937,85,6,0.07,5317.795799999999,1556.79
10937,13,8,0.01,1756.8144,188.76
10938,87,9,0.13,2679.8958000000002,569.93
10938,21,8,0.12,4509.7536,1023.03
10938,60,7,0.2,4074.0,305.53
10938,42,5,0.16,2818.6620000000003,841.28
10939,43,7,0.08,3224.3148,841.45
10940,38,9,0.01,1178.6148,274.84
10941,20,5,0.08,2009.97,238.74
10941,81,9,0.13,4830.7968,1902.67
10941,29,1,0.13,122.71350000000001,35.77
10942,65,1,0.02,483.091,61.7
10943,4,3,0.11,2145.5319,641.94
10943,65,9,0.07,4125.9915,1245.14
10944,79,5,0.07,546.8399999999999,187.18
10944,69,8,0.22,576.4512,128.58
10944,2,3,0.24,1858.6788000000001,290.7
10944,100,4,0.12,170.1216,64.81
10945,84,2,0.18,190.69920000000002,58.05
10945,92,6,0.19,415.0440000000001,51.5
10946,35,6,0.19,4228.4916,225.2
10946,95,1,0.24,81.32000000000001,13.53
10947,51,4,0.23,1231.538,206.61
10948,47,4,0.05,2075.1040000000003,250.22
10948,34,9,0.11,2965.7025,951.3
10949,47,3,0.16,1376.1216000000002,163.27
10950,89,5,0.07,1908.3134999999997,284.9
10950,84,8,0.13,809.3088,236.52
10951,100,7,0.12,297.7128,26.13
10952,2,9,0.03,7116.7833,420.94
10952,66,1,0.09,567.8764,90.27
10952,95,7,0.14,644.14,180.8
10952,66,5,0.07,2901.7859999999996,1093.62
10953,67,6,0.11,5209.7573999999995,818.12
10953,87,8,0.19,2217.8448000000003,195.51
10953,83,4,0.12,2271.4208,580.33
10954,89,8,0.18,2692.1584000000003,165.01
10954,21,2,0.19,1037.7558000000001,250.41
10954,29,2,0.21,222.85900000000004,62.76
10954,91,3,0.22,392.8392,155.54
10955,93,4,0.21,398.19160000000005,45.09
10955,27,7,0.12,1114.4671999999998,213.94
10955,65,2,0.11,877.451,331.87
10956,22,3,0.05,592.059,197.19
10956,72,6,0.1,4134.456,590.04
10956,58,7,0.01,5605.3998,1335.48
10957,3,4,0.13,976.1052000000001,218.19
10957,28,3,0.08,1722.5712,179.13
10958,12,3,0.04,2412.0864,478.59
10958,5,3,0.02,1867.8408,258.89
10958,90,1,0.18,728.0698000000001,280.33
10958,57,3,0.22,195.3432,70.81
10959,9,7,0.16,1788.2256,512.04
10959,46,4,0.0,3562.24,282.36
10959,75,8,0.25,4824.42,1060.77
10959,50,4,0.03,2913.4532,511.34
10960,30,9,0.21,3631.716900000001,283.4
10960,15,7,0.06,3511.8118,508.67
10960,10,7,0.2,3729.2079999999996,559.97
10961,35,5,0.21,3436.7369999999996,683.91
10961,23,5,0.05,2481.1150000000002,717.24
10961,13,3,0.06,625.5324,248.77
10962,24,7,0.18,4146.977800000001,538.35
10963,72,7,0.04,5145.100799999999,1196.68
10963,68,9,0.24,3881.0843999999997,469.03
10964,33,1,0.16,95.6844,14.89
10964,64,3,0.19,1167.7608,464.0
10964,97,3,0.25,1016.5275000000001,231.1
10965,51,7,0.01,2770.9605,150.78
10965,9,5,0.09,1383.7459999999999,446.26
10965,72,4,0.16,2572.5504,315.35
10966,80,8,0.06,5236.3264,580.68
10966,35,9,0.25,5872.904999999999,1836.74
10966,25,9,0.19,2774.8656,621.98
10967,28,9,0.23,4325.1516,914.27
10967,15,3,0.24,1216.8588000000002,379.9
10968,5,9,0.12,5031.7344,1886.34
10968,81,7,0.1,3886.8480000000004,617.77
10968,56,8,0.21,2889.1248,439.48
10969,40,8,0.08,2950.1824,491.67
10969,65,3,0.15,1257.0224999999998,108.69
10969,19,2,0.02,1196.972,477.16
10969,17,2,0.03,521.2004000000001,144.25
10970,47,5,0.18,2238.9280000000003,659.47
10970,72,4,0.25,2296.92,626.01
10971,45,4,0.08,2814.28,1094.59
10971,84,6,0.02,683.7264,262.19
10971,69,9,0.11,739.9638,163.17
10972,98,3,0.25,1943.0550000000003,508.46
10972,53,4,0.01,2114.7588,131.59
10972,84,6,0.06,655.8192,65.8
10972,65,8,0.19,3194.3160000000003,323.02
10973,43,3,0.01,1486.9899,104.93
10973,44,1,0.06,295.6018,89.44
10974,86,5,0.25,321.11249999999995,119.57
10974,94,7,0.07,6331.6911,1424.2
10974,93,3,0.24,287.30280000000005,76.28
10974,11,6,0.25,273.28499999999997,100.35
10975,55,3,0.13,837.4446,187.56
10975,71,8,0.23,2652.9272,970.21
10975,99,6,0.09,1684.0278,225.07
10976,54,6,0.04,5239.0656,1231.54
10976,84,2,0.15,197.676,55.01
10977,39,4,0.2,1046.5600000000002,393.01
10978,80,6,0.04,4010.8032,1455.43
10979,95,4,0.05,406.59999999999997,147.51
10980,58,4,0.16,2717.7696,954.99
10980,41,4,0.21,2726.4796,688.49
10981,77,9,0.09,2988.9404999999997,573.99
10981,78,5,0.23,2030.7210000000002,191.17
10981,18,5,0.06,2669.2709999999997,813.22
10981,98,7,0.21,4775.597400000001,933.47
10982,13,4,0.2,709.8240000000001,114.12
10983,55,4,0.12,1129.4272,61.98
10983,87,9,0.15,2618.289,892.4
10983,49,4,0.19,927.9684000000001,219.59
10984,5,9,0.22,4459.9464,1125.63
10985,28,1,0.02,611.6376,196.36
10986,32,5,0.04,1009.1999999999999,341.38
10986,83,6,0.23,2981.2398,759.82
10986,94,5,0.16,4084.962,276.09
10987,38,3,0.18,325.40880000000004,104.79
10987,78,7,0.14,3175.3092,1030.93
10988,7,8,0.09,4183.160800000001,912.44
10988,100,7,0.21,267.2649,86.75
10988,29,8,0.14,970.4240000000001,263.57
10989,86,6,0.23,395.6106,73.11
10989,77,4,0.07,1357.6139999999998,452.28
10989,62,8,0.12,6125.363200000001,425.02
10989,93,2,0.05,239.419,64.25
10990,28,2,0.07,1160.8632,123.45
10990,27,2,0.22,282.23519999999996,14.42
10990,47,2,0.08,1004.7872000000001,248.58
10991,56,9,0.16,3455.9784,698.21
10991,3,9,0.11,2246.7248999999997,159.12
10991,82,2,0.08,611.4872,210.65
10991,4,6,0.02,4724.9916,1723.47
10992,52,4,0.13,2204.232,573.49
10992,65,4,0.05,1873.2099999999998,509.16
10993,47,1,0.25,409.56000000000006,51.94
10993,53,3,0.04,1538.0063999999998,225.59
10993,67,4,0.13,3395.1228,355.36
10994,12,6,0.02,4924.6764,530.5
10995,88,2,0.09,1767.4384,324.08
10995,98,5,0.05,4102.005,206.11
10996,99,8,0.03,2393.4168,364.34
10996,77,1,0.25,273.7125,54.38
10997,51,8,0.21,2527.052,304.42
10998,48,4,0.18,205.19680000000002,67.99
10998,15,7,0.21,2951.4163000000003,290.27
10998,14,9,0.23,4271.998500000001,659.71
10998,26,7,0.19,2397.9564,937.09
10999,44,7,0.18,1805.0578,465.6
10999,74,9,0.08,7667.1144,823.16
10999,2,9,0.12,6456.4632,1945.95
10999,18,3,0.2,1363.0320000000002,147.32
11000,71,2,0.09,783.8194000000001,127.43
