OrderID,CustomerID,OrderDate,SalesChannel
10001,56,2023-04-29,Store
10002,111,2024-09-02,Store
10003,191,2025-07-08,Store
10004,15,2024-06-20,Store
10005,191,2023-07-13,Store
10006,46,2025-06-25,Online
10007,18,2023-04-29,Online
10008,10,2023-08-03,Store
10009,133,2024-07-16,Online
10010,166,2025-09-16,Online
10011,172,2024-04-01,Online
10012,129,2023-05-31,Store
10013,53,2024-05-30,Online
10014,44,2023-12-28,Store
10015,25,2024-03-12,Online
10016,43,2025-05-06,Online
10017,157,2023-12-23,Online
10018,170,2023-11-23,Store
10019,111,2025-07-24,Store
10020,187,2024-09-07,Store
10021,83,2024-04-29,Online
10022,182,2023-09-21,Online
10023,51,2023-05-10,Store
10024,172,2025-08-09,Store
10025,54,2024-08-11,Store
10026,183,2024-01-22,Online
10027,19,2025-08-09,Online
10028,189,2025-12-25,Store
10029,12,2023-04-20,Store
10030,32,2025-08-20,Store
10031,129,2024-02-16,Online
10032,1,2023-11-24,Store
10033,24,2024-06-25,Online
10034,77,2024-08-13,Online
10035,49,2024-02-05,Store
10036,92,2023-09-05,Online
10037,90,2025-05-28,Store
10038,17,2025-08-27,Store
10039,25,2023-10-13,Online
10040,63,2025-11-05,Store
10041,160,2023-01-18,Online
10042,2,2023-02-14,Store
10043,107,2025-02-07,Online
10044,30,2025-11-25,Online
10045,114,2024-05-15,Store
10046,77,2024-03-22,Online
10047,165,2023-08-05,Store
10048,75,2025-05-25,Online
10049,59,2023-05-27,Store
10050,173,2025-10-06,Store
10051,176,2023-08-13,Store
10052,73,2023-03-01,Store
10053,22,2023-01-06,Store
10054,68,2024-11-08,Store
10055,171,2025-07-14,Store
10056,116,2025-11-16,Online
10057,193,2025-12-15,Store
10058,183,2023-12-04,Online
10059,147,2023-01-25,Store
10060,64,2025-02-28,Store
10061,9,2023-03-30,Online
10062,167,2024-11-26,Store
10063,171,2024-04-02,Store
10064,162,2025-09-25,Online
10065,63,2024-03-05,Store
10066,176,2023-10-08,Store
10067,175,2024-08-24,Store
10068,145,2023-10-06,Online
10069,119,2023-12-04,Store
10070,44,2024-06-28,Store
10071,151,2023-04-16,Store
10072,107,2024-08-08,Online
10073,40,2025-05-29,Store
10074,104,2024-11-17,Store
10075,12,2023-10-03,Store
10076,51,2025-08-09,Store
10077,50,2025-02-19,Store
10078,193,2024-05-11,Online
10079,79,2023-10-13,Online
10080,176,2025-06-25,Online
10081,24,2025-06-11,Store
10082,189,2023-04-13,Online
10083,54,2024-05-13,Online
10084,53,2023-12-01,Online
10085,49,2023-10-16,Store
10086,124,2025-07-06,Store
10087,117,2025-11-19,Store
10088,90,2023-03-25,Store
10089,168,2025-05-05,Store
10090,127,2024-01-04,Store
10091,152,2023-09-07,Store
10092,198,2024-07-03,Store
10093,194,2024-09-06,Store
10094,125,2025-07-30,Online
10095,34,2025-04-11,Online
10096,146,2023-03-06,Online
10097,88,2025-02-11,Online
10098,152,2024-01-24,Store
10099,72,2025-12-16,Online
10100,129,2024-04-03,Store
10101,173,2025-07-17,Online
10102,153,2025-04-26,Online
10103,10,2023-05-27,Online
10104,100,2024-07-28,Online
10105,41,2025-09-26,Store
10106,7,2023-08-07,Online
10107,51,2025-11-08,Online
10108,93,2024-01-10,Store
10109,26,2023-02-10,Online
10110,160,2024-12-12,Store
10111,178,2025-05-08,Store
10112,119,2023-12-31,Store
10113,40,2024-10-12,Store
10114,96,2023-10-29,Store
10115,33,2025-12-09,Store
10116,82,2024-05-07,Online
10117,103,2023-09-09,Store
10118,86,2024-01-06,Online
10119,15,2024-05-30,Store
10120,151,2024-03-24,Store
10121,105,2024-05-10,Online
10122,141,2025-04-18,Store
10123,22,2024-07-07,Store
10124,86,2024-04-26,Store
10125,64,2024-04-30,Online
10126,93,2023-09-10,Store
10127,131,2023-06-16,Online
10128,19,2025-07-23,Store
10129,49,2023-09-09,Online
10130,100,2023-09-13,Store
10131,179,2025-12-30,Online
10132,167,2025-06-12,Store
10133,198,2023-07-05,Online
10134,14,2025-07-09,Online
10135,156,2025-03-09,Store
10136,159,2025-01-22,Store
10137,185,2025-05-04,Online
10138,173,2023-06-10,Online
10139,115,2023-06-11,Online
10140,134,2025-06-23,Store
10141,42,2023-10-02,Online
10142,3,2025-10-13,Online
10143,137,2025-11-01,Store
10144,3,2023-11-29,Online
10145,81,2024-08-08,Online
10146,27,2025-06-05,Online
10147,51,2024-02-16,Store
10148,14,2025-01-02,Store
10149,101,2025-07-25,Online
10150,177,2025-02-21,Store
10151,4,2024-01-03,Store
10152,176,2025-05-03,Online
10153,200,2024-02-24,Online
10154,139,2025-10-30,Online
10155,61,2025-07-10,Store
10156,86,2023-07-28,Store
10157,180,2024-09-12,Store
10158,115,2024-09-13,Store
10159,33,2023-03-21,Online
10160,106,2025-12-16,Store
10161,172,2023-11-23,Online
10162,32,2024-03-07,Online
10163,2,2025-10-15,Online
10164,95,2024-02-25,Store
10165,135,2023-03-12,Online
10166,179,2023-05-30,Online
10167,62,2023-04-20,Online
10168,12,2023-07-27,Online
10169,67,2023-07-02,Store
10170,80,2023-11-16,Online
10171,22,2025-04-15,Online
10172,167,2025-10-26,Online
10173,142,2025-08-04,Store
10174,77,2025-11-07,Store
10175,16,2023-10-18,Online
10176,92,2024-07-05,Store
10177,71,2024-10-07,Store
10178,18,2023-01-29,Online
10179,79,2025-01-18,Online
10180,47,2023-08-08,Online
10181,51,2023-07-02,Store
10182,39,2023-03-25,Store
10183,145,2024-02-04,Store
10184,104,2024-11-02,Online
10185,116,2024-08-06,Store
10186,60,2023-10-19,Online
10187,6,2023-09-01,Online
10188,46,2025-02-17,Online
10189,69,2025-02-19,Online
10190,33,2025-05-27,Store
10191,85,2024-01-08,Online
10192,117,2024-05-13,Store
10193,183,2024-06-24,Store
10194,121,2024-11-12,Store
10195,161,2024-01-04,Online
10196,197,2024-01-09,Store
10197,20,2024-01-14,Store
10198,151,2025-03-29,Online
10199,37,2024-11-19,Store
10200,174,2023-03-28,Online
10201,27,2023-04-13,Online
10202,63,2023-05-12,Online
10203,132,2025-07-27,Store
10204,58,2024-07-05,Store
10205,15,2025-07-09,Online
10206,84,2025-10-27,Online
10207,58,2025-10-20,Store
10208,179,2024-04-22,Online
10209,60,2023-01-06,Online
10210,197,2024-07-06,Store
10211,128,2025-11-26,Online
10212,80,2025-09-07,Store
10213,162,2023-08-05,Store
10214,111,2024-06-14,Online
10215,91,2025-04-15,Online
10216,194,2023-11-12,Online
10217,157,2023-08-09,Store
10218,5,2025-01-11,Store
10219,92,2023-04-09,Store
10220,2,2024-03-27,Store
10221,3,2025-07-31,Online
10222,41,2023-03-30,Store
10223,150,2025-11-29,Store
10224,62,2024-11-23,Online
10225,113,2025-04-05,Online
10226,48,2025-02-24,Online
10227,115,2023-08-30,Online
10228,133,2023-10-06,Store
10229,132,2024-08-03,Online
10230,33,2023-08-19,Online
10231,81,2023-04-21,Online
10232,50,2023-03-22,Store
10233,115,2025-01-03,Online
10234,8,2024-08-06,Online
10235,176,2023-11-22,Store
10236,141,2025-01-29,Store
10237,26,2025-05-06,Online
10238,179,2025-03-07,Store
10239,35,2024-03-15,Online
10240,175,2024-11-12,Online
10241,192,2023-12-11,Store
10242,105,2024-10-06,Online
10243,27,2023-09-20,Store
10244,46,2024-07-12,Store
10245,34,2024-04-09,Online
10246,191,2025-08-11,Online
10247,94,2024-01-21,Online
10248,171,2023-08-25,Online
10249,119,2024-10-23,Online
10250,152,2024-06-13,Online
10251,17,2025-03-09,Store
10252,44,2024-10-22,Store
10253,194,2024-10-27,Online
10254,61,2024-05-06,Online
10255,168,2025-12-08,Online
10256,3,2023-05-03,Store
10257,23,2025-05-05,Store
10258,135,2025-06-02,Store
10259,88,2023-04-22,Online
10260,184,2023-08-27,Store
10261,200,2023-12-20,Store
10262,190,2024-02-02,Online
10263,155,2024-02-15,Store
10264,126,2025-04-02,Store
10265,43,2023-06-26,Store
10266,76,2025-07-09,Online
10267,54,2023-07-19,Store
10268,39,2024-08-06,Online
10269,95,2023-04-11,Online
10270,170,2024-04-12,Store
10271,30,2023-10-25,Store
10272,170,2024-01-16,Online
10273,49,2025-08-17,Online
10274,105,2024-06-28,Online
10275,86,2024-07-04,Online
10276,143,2025-06-20,Online
10277,87,2024-01-26,Store
10278,98,2023-10-30,Store
10279,43,2024-08-01,Store
10280,163,2024-04-23,Store
10281,84,2025-09-26,Online
10282,42,2025-07-23,Store
10283,93,2025-06-04,Store
10284,92,2024-10-15,Online
10285,160,2025-02-26,Online
10286,72,2025-07-02,Online
10287,48,2023-05-03,Store
10288,98,2025-03-16,Store
10289,153,2023-07-05,Store
10290,24,2023-03-20,Store
10291,196,2025-01-02,Online
10292,35,2024-04-30,Online
10293,164,2024-12-20,Store
10294,194,2024-07-09,Online
10295,168,2024-01-06,Online
10296,198,2024-01-08,Online
10297,113,2024-05-20,Store
10298,7,2024-04-18,Store
10299,52,2025-05-27,Online
10300,77,2023-09-20,Store
10301,43,2024-12-09,Online
10302,133,2024-07-17,Online
10303,152,2024-07-13,Online
10304,42,2023-01-28,Online
10305,34,2025-11-17,Store
10306,73,2024-08-13,Online
10307,26,2024-12-25,Online
10308,82,2024-01-11,Store
10309,164,2025-07-19,Store
10310,17,2023-11-16,Online
10311,197,2024-03-27,Store
10312,6,2023-01-27,Online
10313,34,2025-07-29,Store
10314,53,2025-10-30,Online
10315,95,2023-09-27,Store
10316,165,2024-11-17,Online
10317,148,2024-08-11,Online
10318,186,2024-11-23,Online
10319,187,2025-04-13,Store
10320,139,2024-03-09,Store
10321,94,2023-10-26,Store
10322,114,2025-07-25,Online
10323,40,2025-03-19,Online
10324,56,2023-02-14,Store
10325,110,2025-10-06,Online
10326,21,2023-03-06,Online
10327,100,2023-06-21,Online
10328,197,2025-12-16,Online
10329,46,2025-01-26,Store
10330,67,2023-07-30,Online
10331,160,2025-03-11,Online
10332,92,2023-09-08,Store
10333,4,2025-07-10,Store
10334,116,2023-12-10,Online
10335,154,2023-11-23,Store
10336,122,2025-07-27,Online
10337,31,2024-11-23,Online
10338,74,2024-12-20,Store
10339,189,2025-11-03,Online
10340,145,2025-07-21,Store
10341,53,2024-01-14,Online
10342,174,2025-06-25,Online
10343,8,2024-02-23,Online
10344,72,2024-02-20,Store
10345,158,2024-11-20,Online
10346,83,2024-06-28,Store
10347,146,2025-04-13,Online
10348,57,2025-01-13,Online
10349,8,2025-09-19,Store
10350,26,2025-02-13,Online
10351,149,2023-02-04,Online
10352,48,2023-10-02,Store
10353,106,2024-09-01,Online
10354,51,2024-11-04,Store
10355,190,2025-07-10,Online
10356,71,2025-08-23,Online
10357,43,2023-07-01,Online
10358,130,2023-07-10,Online
10359,149,2025-09-16,Store
10360,62,2024-04-26,Online
10361,4,2024-09-06,Store
10362,53,2025-07-17,Store
10363,154,2024-04-01,Online
10364,11,2024-03-18,Online
10365,49,2024-09-30,Online
10366,76,2025-06-05,Online
10367,42,2023-03-12,Online
10368,76,2023-07-08,Online
10369,156,2025-06-30,Online
10370,168,2025-01-03,Store
10371,175,2023-07-29,Store
10372,50,2023-07-11,Store
10373,173,2023-07-07,Store
10374,142,2025-09-10,Online
10375,124,2024-03-05,Store
10376,84,2024-04-30,Online
10377,29,2025-06-20,Store
10378,40,2023-09-24,Online
10379,74,2023-07-18,Store
10380,115,2025-10-10,Online
10381,53,2023-07-26,Online
10382,27,2024-09-26,Online
10383,182,2023-07-22,Online
10384,40,2024-08-16,Online
10385,192,2025-11-19,Online
10386,171,2024-02-01,Online
10387,107,2023-03-31,Online
10388,187,2024-08-03,Store
10389,26,2024-06-20,Store
10390,58,2023-06-22,Online
10391,111,2024-11-22,Online
10392,110,2025-12-14,Store
10393,136,2023-07-11,Online
10394,70,2025-09-03,Online
10395,188,2024-08-24,Store
10396,104,2023-02-05,Online
10397,128,2023-04-30,Online
10398,50,2024-04-25,Online
10399,70,2023-09-20,Store
10400,38,2024-08-17,Online
10401,6,2023-10-28,Store
10402,141,2025-11-29,Store
10403,160,2025-06-04,Store
10404,81,2025-03-10,Store
10405,81,2025-01-23,Online
10406,37,2024-03-05,Online
10407,1,2025-08-08,Store
10408,129,2024-10-09,Online
10409,55,2024-09-02,Store
10410,152,2023-02-13,Online
10411,84,2023-07-15,Online
10412,11,2025-03-12,Online
10413,26,2023-04-25,Online
10414,156,2023-08-07,Online
10415,10,2025-10-06,Online
10416,53,2023-08-01,Store
10417,176,2023-08-05,Online
10418,26,2023-08-04,Online
10419,127,2024-06-23,Online
10420,57,2023-11-23,Store
10421,82,2024-09-11,Online
10422,85,2025-02-12,Store
10423,192,2023-03-21,Store
10424,41,2023-05-23,Store
10425,41,2025-11-23,Online
10426,122,2025-01-23,Store
10427,164,2023-04-26,Store
10428,92,2025-02-18,Store
10429,121,2025-11-26,Store
10430,172,2025-01-07,Online
10431,81,2024-09-25,Store
10432,73,2023-02-06,Online
10433,43,2024-10-01,Store
10434,151,2025-06-23,Store
10435,171,2025-12-23,Store
10436,90,2024-10-13,Online
10437,22,2024-06-11,Online
10438,18,2024-01-22,Online
10439,191,2024-10-09,Online
10440,65,2024-01-30,Store
10441,14,2023-03-23,Store
10442,93,2024-08-08,Online
10443,51,2024-04-25,Online
10444,47,2025-06-29,Online
10445,15,2024-06-18,Store
10446,110,2025-11-01,Online
10447,145,2024-05-15,Store
10448,81,2025-01-28,Store
10449,60,2025-01-24,Store
10450,95,2023-11-13,Online
10451,101,2025-08-18,Online
10452,144,2024-06-30,Store
10453,65,2023-05-09,Online
10454,120,2023-08-10,Store
10455,143,2024-01-13,Store
10456,198,2024-09-20,Online
10457,160,2024-09-14,Online
10458,37,2023-08-21,Store
10459,80,2024-12-28,Online
10460,134,2024-08-18,Online
10461,120,2025-03-11,Online
10462,108,2024-04-04,Online
10463,11,2024-09-23,Online
10464,25,2025-06-03,Online
10465,83,2023-11-21,Store
10466,193,2025-03-19,Store
10467,74,2024-01-01,Store
10468,134,2023-04-01,Online
10469,31,2023-01-14,Store
10470,16,2023-01-29,Store
10471,102,2024-10-15,Online
10472,69,2023-12-17,Store
10473,45,2023-05-15,Online
10474,11,2024-03-03,Store
10475,5,2024-07-18,Store
10476,140,2024-04-26,Store
10477,138,2023-11-26,Store
10478,3,2024-07-12,Online
10479,84,2023-02-16,Store
10480,142,2025-02-06,Online
10481,90,2024-02-25,Store
10482,51,2025-03-01,Online
10483,25,2023-06-08,Store
10484,19,2024-05-26,Store
10485,111,2025-06-16,Online
10486,80,2023-12-08,Online
10487,188,2025-02-10,Online
10488,181,2023-04-07,Online
10489,182,2025-10-18,Store
10490,106,2024-11-27,Store
10491,70,2023-01-31,Online
10492,70,2025-04-01,Store
10493,161,2023-06-18,Online
10494,27,2025-10-29,Online
10495,86,2023-06-25,Online
10496,145,2023-10-16,Online
10497,66,2024-03-28,Online
10498,152,2024-01-06,Online
10499,152,2025-02-27,Store
10500,34,2025-04-11,Store
10501,156,2024-04-11,Store
10502,143,2025-12-05,Online
10503,115,2024-02-10,Store
10504,54,2023-03-18,Online
10505,84,2023-04-06,Store
10506,89,2025-04-14,Store
10507,71,2023-08-30,Store
10508,90,2025-09-22,Online
10509,61,2025-01-10,Store
10510,135,2025-11-08,Online
10511,176,2023-03-19,Store
10512,125,2023-01-21,Store
10513,36,2025-01-05,Online
10514,168,2025-12-09,Online
10515,170,2025-12-20,Store
10516,53,2023-12-23,Online
10517,109,2023-03-13,Store
10518,22,2023-12-15,Store
10519,178,2025-12-16,Online
10520,35,2025-06-28,Store
10521,154,2024-06-19,Online
10522,137,2023-09-12,Store
10523,72,2025-02-16,Store
10524,65,2024-12-09,Online
10525,121,2024-07-10,Store
10526,84,2023-07-01,Online
10527,46,2024-09-17,Store
10528,27,2023-08-13,Online
10529,79,2023-04-08,Online
10530,130,2025-01-18,Store
10531,183,2025-07-25,Online
10532,182,2023-11-07,Store
10533,142,2023-02-17,Store
10534,45,2024-04-16,Online
10535,41,2023-08-01,Online
10536,2,2024-08-06,Online
10537,134,2024-01-29,Store
10538,8,2023-11-05,Online
10539,6,2024-08-09,Online
10540,57,2025-04-07,Online
10541,28,2024-05-15,Store
10542,199,2023-03-19,Store
10543,170,2024-05-26,Store
10544,40,2023-02-19,Online
10545,171,2025-03-03,Online
10546,9,2024-07-03,Store
10547,35,2025-03-23,Online
10548,4,2025-05-15,Store
10549,47,2025-09-16,Store
10550,77,2024-06-12,Online
10551,166,2025-12-12,Online
10552,46,2025-01-06,Online
10553,15,2025-11-07,Store
10554,109,2023-09-25,Online
10555,35,2024-01-30,Store
10556,90,2023-09-12,Store
10557,188,2023-06-18,Store
10558,55,2025-05-13,Store
10559,112,2024-01-04,Store
10560,40,2023-05-13,Store
10561,69,2023-07-15,Online
10562,133,2023-02-16,Online
10563,19,2025-11-11,Online
10564,116,2024-06-24,Store
10565,99,2025-07-13,Online
10566,61,2025-08-22,Store
10567,140,2023-05-27,Online
10568,179,2024-07-05,Online
10569,34,2025-12-06,Store
10570,38,2024-05-06,Online
10571,44,2024-05-16,Store
10572,106,2023-07-26,Online
10573,24,2023-12-01,Online
10574,64,2023-10-08,Online
10575,102,2023-02-24,Online
10576,172,2024-08-07,Online
10577,14,2025-11-17,Store
10578,159,2025-05-04,Online
10579,54,2024-04-12,Online
10580,133,2024-02-23,Store
10581,100,2023-01-24,Online
10582,30,2025-01-02,Store
10583,187,2025-05-06,Online
10584,127,2024-02-07,Store
10585,34,2023-01-19,Store
10586,57,2024-11-03,Online
10587,129,2023-02-22,Online
10588,106,2023-04-14,Online
10589,65,2023-12-09,Store
10590,170,2024-11-25,Online
10591,165,2023-02-21,Online
10592,27,2024-01-04,Store
10593,184,2024-09-02,Store
10594,11,2024-09-15,Online
10595,135,2024-02-29,Store
10596,21,2024-08-01,Online
10597,169,2024-03-03,Online
10598,101,2025-01-23,Online
10599,53,2025-10-14,Online
10600,158,2024-03-31,Store
10601,59,2025-08-23,Online
10602,159,2024-03-06,Store
10603,14,2025-11-10,Online
10604,60,2023-03-16,Online
10605,51,2023-02-02,Online
10606,99,2025-03-21,Online
10607,158,2023-07-26,Online
10608,197,2025-02-18,Online
10609,1,2024-06-18,Store
10610,125,2024-05-24,Store
10611,152,2023-05-07,Online
10612,153,2025-01-02,Online
10613,159,2025-12-19,Store
10614,52,2025-11-09,Online
10615,145,2025-04-01,Online
10616,34,2024-04-11,Online
10617,83,2023-04-12,Store
10618,28,2025-05-29,Online
10619,148,2025-08-31,Store
10620,13,2023-10-26,Store
10621,110,2024-07-18,Store
10622,76,2025-02-16,Store
10623,173,2025-05-29,Online
10624,143,2023-07-13,Store
10625,186,2025-09-29,Store
10626,196,2025-03-02,Store
10627,161,2025-12-29,Online
10628,36,2024-09-23,Online
10629,92,2024-12-13,Store
10630,185,2023-07-20,Online
10631,149,2023-07-23,Store
10632,6,2024-08-10,Online
10633,182,2023-02-15,Online
10634,121,2023-07-02,Store
10635,131,2023-05-26,Online
10636,156,2023-09-30,Store
10637,166,2025-07-24,Store
10638,176,2024-11-07,Store
10639,140,2024-06-26,Store
10640,109,2025-02-15,Online
10641,41,2023-08-12,Store
10642,56,2025-09-23,Store
10643,151,2025-11-08,Online
10644,68,2024-04-28,Store
10645,165,2024-12-28,Online
10646,183,2023-12-12,Store
10647,59,2025-05-13,Store
10648,22,2025-06-22,Store
10649,171,2024-03-12,Store
10650,5,2025-11-26,Online
10651,185,2025-10-18,Online
10652,101,2023-08-17,Online
10653,125,2024-08-04,Online
10654,189,2023-12-03,Store
10655,182,2025-08-07,Online
10656,58,2024-04-26,Store
10657,123,2024-02-26,Store
10658,94,2025-08-03,Store
10659,23,2025-07-06,Store
10660,34,2024-09-17,Online
10661,165,2025-11-12,Online
10662,86,2024-10-14,Store
10663,127,2025-02-05,Store
10664,47,2023-10-11,Store
10665,3,2025-08-13,Store
10666,84,2024-01-18,Online
10667,28,2024-05-11,Store
10668,46,2023-06-01,Store
10669,82,2025-04-15,Online
10670,71,2024-04-30,Online
10671,34,2023-04-06,Online
10672,110,2023-03-21,Online
10673,43,2023-01-01,Online
10674,12,2025-11-17,Store
10675,34,2025-04-28,Online
10676,110,2025-08-13,Online
10677,162,2024-02-04,Store
10678,46,2025-12-02,Store
10679,30,2025-11-13,Store
10680,18,2025-03-05,Online
10681,2,2024-11-05,Store
10682,55,2024-09-18,Online
10683,36,2023-02-26,Store
10684,112,2024-08-19,Online
10685,66,2023-09-26,Online
10686,122,2024-12-13,Online
10687,117,2024-12-11,Online
10688,173,2024-06-24,Store
10689,25,2024-12-02,Online
10690,46,2024-08-22,Online
10691,84,2025-03-02,Online
10692,59,2023-06-10,Store
10693,193,2025-02-16,Online
10694,88,2023-05-07,Store
10695,160,2024-06-16,Online
10696,78,2025-07-02,Store
10697,10,2023-10-13,Online
10698,181,2024-11-03,Store
10699,8,2024-11-22,Store
10700,64,2025-12-23,Online
10701,161,2025-08-03,Store
10702,94,2023-06-14,Online
10703,144,2025-08-11,Store
10704,99,2025-02-11,Online
10705,163,2023-04-04,Online
10706,73,2025-09-07,Online
10707,137,2025-05-03,Online
10708,120,2024-01-26,Store
10709,107,2024-01-18,Online
10710,167,2025-04-30,Online
10711,96,2023-04-23,Store
10712,110,2025-01-06,Online
10713,14,2023-07-20,Store
10714,56,2025-09-06,Online
10715,171,2025-05-04,Store
10716,164,2024-07-03,Store
10717,199,2025-01-22,Online
10718,96,2025-12-23,Store
10719,155,2024-09-13,Online
10720,136,2023-02-19,Store
10721,124,2025-03-14,Online
10722,21,2024-01-17,Store
10723,72,2024-04-04,Store
10724,110,2023-11-11,Online
10725,141,2025-04-02,Online
10726,2,2024-02-10,Online
10727,132,2024-10-25,Store
10728,68,2024-04-22,Online
10729,63,2024-10-11,Online
10730,61,2023-02-27,Store
10731,100,2024-04-18,Store
10732,145,2023-05-27,Store
10733,134,2025-08-05,Store
10734,171,2024-08-30,Online
10735,195,2024-02-27,Store
10736,66,2025-05-19,Store
10737,77,2023-01-01,Online
10738,59,2023-12-03,Store
10739,151,2024-10-23,Store
10740,87,2025-08-31,Online
10741,39,2023-04-18,Store
10742,98,2024-12-22,Store
10743,93,2024-06-22,Store
10744,161,2025-02-24,Online
10745,50,2024-11-24,Store
10746,90,2025-09-20,Online
10747,145,2025-09-02,Online
10748,76,2023-04-04,Online
10749,166,2024-06-21,Store
10750,185,2024-03-28,Online
10751,6,2023-01-21,Online
10752,151,2023-09-21,Store
10753,51,2024-10-30,Store
10754,74,2023-06-09,Online
10755,130,2024-03-23,Store
10756,165,2025-09-10,Online
10757,151,2024-11-07,Store
10758,4,2024-03-17,Store
10759,100,2024-10-03,Store
10760,96,2023-01-06,Store
10761,111,2023-12-22,Store
10762,141,2024-02-07,Store
10763,165,2024-02-06,Online
10764,143,2025-07-24,Online
10765,52,2023-03-01,Online
10766,85,2023-06-17,Store
10767,44,2024-07-31,Online
10768,6,2025-11-26,Store
10769,23,2025-11-22,Store
10770,167,2025-10-13,Store
10771,121,2025-12-08,Online
10772,127,2025-05-16,Store
10773,173,2025-08-06,Online
10774,19,2025-12-19,Store
10775,62,2023-03-07,Store
10776,31,2024-04-11,Online
10777,95,2023-01-11,Store
10778,64,2023-06-20,Online
10779,19,2025-02-02,Store
10780,160,2023-06-25,Online
10781,86,2024-11-27,Store
10782,174,2025-09-24,Online
10783,5,2024-10-03,Store
10784,22,2025-12-01,Store
10785,119,2025-01-29,Online
10786,33,2023-09-01,Store
10787,179,2024-09-05,Store
10788,14,2024-10-10,Store
10789,169,2023-02-02,Store
10790,117,2025-05-08,Online
10791,60,2024-01-12,Online
10792,32,2023-11-20,Online
10793,147,2024-03-23,Store
10794,91,2025-05-14,Online
10795,5,2024-01-27,Online
10796,125,2025-04-06,Online
10797,10,2023-12-26,Online
10798,43,2023-05-20,Store
10799,135,2025-12-17,Store
10800,187,2025-03-27,Online
10801,139,2024-10-12,Store
10802,82,2024-07-31,Store
10803,42,2024-11-13,Online
10804,27,2023-04-20,Online
10805,132,2023-07-14,Online
10806,116,2025-10-03,Store
10807,145,2024-08-07,Store
10808,194,2025-10-05,Online
10809,30,2025-01-09,Online
10810,161,2024-01-26,Online
10811,53,2023-05-01,Store
10812,48,2024-02-14,Online
10813,149,2024-04-08,Online
10814,37,2024-10-25,Online
10815,92,2023-07-12,Store
10816,70,2023-03-04,Online
10817,45,2023-01-27,Store
10818,43,2023-02-07,Online
10819,7,2025-12-06,Store
10820,169,2024-06-16,Online
10821,73,2024-08-13,Store
10822,90,2025-10-08,Store
10823,71,2024-05-21,Online
10824,185,2024-01-31,Online
10825,106,2023-12-31,Store
10826,123,2024-08-20,Store
10827,28,2023-03-30,Store
10828,2,2023-01-09,Store
10829,186,2025-02-28,Online
10830,200,2025-03-05,Online
10831,129,2025-04-12,Online
10832,45,2023-05-22,Online
10833,172,2025-01-21,Online
10834,164,2024-05-04,Store
10835,170,2023-01-20,Online
10836,198,2025-05-14,Store
10837,191,2025-01-22,Online
10838,15,2025-04-28,Online
10839,120,2024-04-05,Online
10840,91,2024-04-14,Online
10841,147,2025-05-19,Online
10842,2,2023-03-14,Store
10843,136,2023-12-14,Online
10844,166,2025-11-12,Online
10845,11,2025-07-07,Online
10846,150,2023-12-03,Online
10847,40,2025-12-21,Store
10848,53,2024-07-08,Store
10849,59,2025-09-14,Store
10850,149,2024-07-19,Online
10851,103,2024-05-07,Store
10852,19,2024-07-17,Store
10853,142,2025-05-11,Online
10854,128,2025-09-05,Online
10855,136,2024-03-05,Store
10856,6,2025-08-03,Online
10857,46,2023-08-03,Store
10858,160,2023-11-22,Online
10859,87,2025-07-03,Online
10860,69,2023-03-09,Online
10861,167,2025-11-12,Store
10862,52,2025-06-19,Online
10863,58,2023-10-16,Online
10864,127,2024-08-10,Store
10865,68,2025-10-19,Online
10866,61,2024-07-24,Online
10867,194,2024-08-27,Store
10868,62,2023-07-25,Online
10869,200,2024-06-02,Online
10870,135,2024-07-13,Online
10871,52,2025-07-26,Store
10872,51,2025-08-15,Online
10873,109,2023-08-27,Store
10874,22,2025-09-20,Store
10875,128,2024-11-11,Store
10876,108,2025-06-19,Store
10877,41,2024-03-07,Store
10878,142,2025-10-19,Online
10879,138,2024-04-02,Store
10880,22,2025-02-03,Store
10881,101,2023-05-23,Online
10882,114,2024-05-31,Online
10883,48,2024-05-10,Store
10884,70,2023-12-31,Store
10885,117,2024-07-26,Store
10886,124,2024-10-14,Store
10887,147,2023-10-28,Store
10888,91,2025-03-01,Online
10889,170,2025-01-29,Store
10890,163,2024-08-30,Online
10891,176,2025-12-04,Store
10892,153,2023-05-11,Online
10893,4,2024-02-25,Store
10894,137,2023-09-21,Online
10895,36,2025-10-21,Online
10896,149,2023-01-30,Store
10897,100,2024-09-11,Store
10898,68,2024-01-18,Store
10899,172,2025-09-07,Online
10900,55,2025-06-10,Store
10901,134,2023-03-26,Online
10902,190,2023-01-28,Online
10903,127,2024-08-23,Online
10904,179,2024-08-31,Online
10905,102,2023-11-14,Store
10906,78,2023-01-15,Store
10907,73,2023-04-07,Online
10908,99,2024-12-07,Store
10909,123,2024-10-17,Store
10910,119,2025-07-27,Online
10911,75,2025-06-14,Online
10912,128,2024-08-24,Online
10913,39,2023-12-15,Store
10914,61,2025-05-12,Online
10915,11,2024-08-06,Online
10916,115,2025-12-02,Online
10917,18,2023-05-15,Store
10918,58,2023-08-08,Store
10919,151,2023-05-28,Online
10920,156,2024-09-13,Store
10921,83,2024-12-01,Online
10922,187,2023-12-20,Store
10923,27,2025-04-06,Store
10924,188,2025-01-22,Online
10925,199,2024-12-09,Online
10926,106,2023-06-13,Online
10927,183,2023-04-25,Online
10928,179,2024-06-18,Store
10929,75,2023-02-08,Online
10930,124,2024-08-18,Store
10931,197,2025-05-16,Online
10932,28,2025-06-04,Online
10933,198,2023-06-14,Online
10934,188,2024-09-12,Online
10935,21,2023-04-19,Store
10936,168,2024-07-24,Store
10937,60,2025-04-29,Online
10938,96,2023-09-27,Online
10939,76,2023-03-24,Store
10940,166,2025-03-29,Online
10941,11,2023-12-31,Online
10942,98,2023-09-05,Online
10943,20,2024-07-18,Store
10944,186,2023-04-06,Store
10945,163,2023-03-30,Store
10946,167,2025-09-19,Store
10947,156,2024-07-30,Online
10948,108,2025-04-01,Store
10949,36,2024-11-09,Online
10950,19,2023-12-13,Online
10951,178,2023-11-26,Store
10952,132,2025-09-01,Store
10953,37,2024-08-31,Store
10954,100,2023-06-28,Store
10955,73,2024-09-29,Store
10956,177,2023-09-14,Store
10957,64,2025-01-01,Online
10958,78,2023-08-18,Online
10959,111,2025-04-20,Online
10960,57,2025-12-30,Online
10961,59,2025-04-18,Store
10962,131,2025-06-06,Store
10963,51,2023-04-01,Online
10964,184,2025-06-19,Store
10965,23,2024-06-07,Store
10966,178,2023-04-01,Store
10967,58,2023-03-06,Online
10968,25,2025-06-22,Store
10969,82,2025-12-13,Store
10970,30,2024-09-04,Store
10971,73,2025-07-26,Store
10972,132,2023-12-19,Online
10973,139,2025-07-06,Online
10974,38,2025-10-25,Store
10975,123,2025-10-28,Online
10976,21,2025-12-10,Online
10977,47,2025-11-23,Store
10978,132,2023-02-10,Store
10979,164,2023-10-03,Online
10980,115,2024-08-16,Store
10981,68,2025-06-06,Store
10982,55,2023-03-14,Store
10983,47,2024-08-18,Online
10984,92,2024-12-11,Store
10985,36,2025-11-05,Online
10986,150,2023-09-20,Store
10987,174,2024-10-22,Store
10988,15,2024-07-10,Online
10989,21,2025-06-08,Online
10990,75,2024-12-18,Store
10991,21,2025-08-30,Store
10992,41,2024-10-03,Online
10993,12,2025-02-06,Online
10994,178,2025-11-02,Store
10995,182,2024-09-20,Online
10996,185,2023-09-12,Online
10997,14,2025-09-01,Online
10998,131,2024-05-19,Store
10999,148,2024-02-07,Online
11000,38,2024-12-13,Store
